event_id,stock_id,stock_name,signal_date,notification_type,status,percentile,event_age_days,reason,trade_action
P6D-TWSE-1303-2026-05-04,1303,南亞,2026-05-04,TWSE_TRACK_CONFIRMED,TWSE_TRACK_CONFIRMED,90.13698630136986,0,上市法人排名連續3個交易日位於同日TWSE前10%，建立40日追蹤,TRACK_ONLY
P6D-TWSE-2308-2026-05-04,2308,台達電,2026-05-04,TWSE_TRACK_CONFIRMED,TWSE_TRACK_CONFIRMED,93.42465753424658,0,上市法人排名連續3個交易日位於同日TWSE前10%，建立40日追蹤,TRACK_ONLY
P6D-TWSE-2330-2026-05-04,2330,台積電,2026-05-04,TWSE_TRACK_CONFIRMED,TWSE_TRACK_CONFIRMED,96.7123287671233,0,上市法人排名連續3個交易日位於同日TWSE前10%，建立40日追蹤,TRACK_ONLY
P6D-TWSE-2356-2026-05-04,2356,英業達,2026-05-04,TWSE_TRACK_CONFIRMED,TWSE_TRACK_CONFIRMED,97.26027397260275,0,上市法人排名連續3個交易日位於同日TWSE前10%，建立40日追蹤,TRACK_ONLY
P6D-TWSE-2376-2026-05-04,2376,技嘉,2026-05-04,TWSE_TRACK_CONFIRMED,TWSE_TRACK_CONFIRMED,100.0,0,上市法人排名連續3個交易日位於同日TWSE前10%，建立40日追蹤,TRACK_ONLY
P6D-TWSE-2382-2026-05-04,2382,廣達,2026-05-04,TWSE_TRACK_CONFIRMED,TWSE_TRACK_CONFIRMED,96.98630136986301,0,上市法人排名連續3個交易日位於同日TWSE前10%，建立40日追蹤,TRACK_ONLY
P6D-TWSE-2383-2026-05-04,2383,台光電,2026-05-04,TWSE_TRACK_CONFIRMED,TWSE_TRACK_CONFIRMED,98.35616438356163,0,上市法人排名連續3個交易日位於同日TWSE前10%，建立40日追蹤,TRACK_ONLY
P6D-TWSE-2408-2026-05-04,2408,南亞科,2026-05-04,TWSE_TRACK_CONFIRMED,TWSE_TRACK_CONFIRMED,98.63013698630137,0,上市法人排名連續3個交易日位於同日TWSE前10%，建立40日追蹤,TRACK_ONLY
P6D-TWSE-2439-2026-05-04,2439,美律,2026-05-04,TWSE_TRACK_CONFIRMED,TWSE_TRACK_CONFIRMED,92.6027397260274,0,上市法人排名連續3個交易日位於同日TWSE前10%，建立40日追蹤,TRACK_ONLY
P6D-TWSE-2455-2026-05-04,2455,全新,2026-05-04,TWSE_TRACK_CONFIRMED,TWSE_TRACK_CONFIRMED,99.17808219178083,0,上市法人排名連續3個交易日位於同日TWSE前10%，建立40日追蹤,TRACK_ONLY
P6D-TWSE-2881-2026-05-04,2881,富邦金,2026-05-04,TWSE_TRACK_CONFIRMED,TWSE_TRACK_CONFIRMED,95.34246575342465,0,上市法人排名連續3個交易日位於同日TWSE前10%，建立40日追蹤,TRACK_ONLY
P6D-TWSE-2885-2026-05-04,2885,元大金,2026-05-04,TWSE_TRACK_CONFIRMED,TWSE_TRACK_CONFIRMED,99.72602739726028,0,上市法人排名連續3個交易日位於同日TWSE前10%，建立40日追蹤,TRACK_ONLY
P6D-TWSE-2886-2026-05-04,2886,兆豐金,2026-05-04,TWSE_TRACK_CONFIRMED,TWSE_TRACK_CONFIRMED,92.87671232876711,0,上市法人排名連續3個交易日位於同日TWSE前10%，建立40日追蹤,TRACK_ONLY
P6D-TWSE-2891-2026-05-04,2891,中信金,2026-05-04,TWSE_TRACK_CONFIRMED,TWSE_TRACK_CONFIRMED,90.68493150684932,0,上市法人排名連續3個交易日位於同日TWSE前10%，建立40日追蹤,TRACK_ONLY
P6D-TWSE-3017-2026-05-04,3017,奇鋐,2026-05-04,TWSE_TRACK_CONFIRMED,TWSE_TRACK_CONFIRMED,94.24657534246576,0,上市法人排名連續3個交易日位於同日TWSE前10%，建立40日追蹤,TRACK_ONLY
P6D-TWSE-3189-2026-05-04,3189,景碩,2026-05-04,TWSE_TRACK_CONFIRMED,TWSE_TRACK_CONFIRMED,94.52054794520548,0,上市法人排名連續3個交易日位於同日TWSE前10%，建立40日追蹤,TRACK_ONLY
P6D-TWSE-3443-2026-05-04,3443,創意,2026-05-04,TWSE_TRACK_CONFIRMED,TWSE_TRACK_CONFIRMED,99.45205479452055,0,上市法人排名連續3個交易日位於同日TWSE前10%，建立40日追蹤,TRACK_ONLY
P6D-TWSE-3533-2026-05-04,3533,嘉澤,2026-05-04,TWSE_TRACK_CONFIRMED,TWSE_TRACK_CONFIRMED,95.06849315068493,0,上市法人排名連續3個交易日位於同日TWSE前10%，建立40日追蹤,TRACK_ONLY
P6D-TWSE-4904-2026-05-04,4904,遠傳,2026-05-04,TWSE_TRACK_CONFIRMED,TWSE_TRACK_CONFIRMED,96.43835616438356,0,上市法人排名連續3個交易日位於同日TWSE前10%，建立40日追蹤,TRACK_ONLY
P6D-TWSE-4958-2026-05-04,4958,臻鼎-KY,2026-05-04,TWSE_TRACK_CONFIRMED,TWSE_TRACK_CONFIRMED,97.80821917808218,0,上市法人排名連續3個交易日位於同日TWSE前10%，建立40日追蹤,TRACK_ONLY
P6D-TWSE-6278-2026-05-04,6278,台表科,2026-05-04,TWSE_TRACK_CONFIRMED,TWSE_TRACK_CONFIRMED,94.79452054794521,0,上市法人排名連續3個交易日位於同日TWSE前10%，建立40日追蹤,TRACK_ONLY
P6D-TWSE-6531-2026-05-04,6531,愛普*,2026-05-04,TWSE_TRACK_CONFIRMED,TWSE_TRACK_CONFIRMED,90.41095890410958,0,上市法人排名連續3個交易日位於同日TWSE前10%，建立40日追蹤,TRACK_ONLY
P6D-TWSE-7769-2026-05-04,7769,鴻勁,2026-05-04,TWSE_TRACK_CONFIRMED,TWSE_TRACK_CONFIRMED,98.08219178082192,0,上市法人排名連續3個交易日位於同日TWSE前10%，建立40日追蹤,TRACK_ONLY
P6D-TWSE-1215-2026-05-05,1215,卜蜂,2026-05-05,TWSE_TRACK_CONFIRMED,TWSE_TRACK_CONFIRMED,92.7027027027027,0,上市法人排名連續3個交易日位於同日TWSE前10%，建立40日追蹤,TRACK_ONLY
P6D-TWSE-2049-2026-05-05,2049,上銀,2026-05-05,TWSE_TRACK_CONFIRMED,TWSE_TRACK_CONFIRMED,94.5945945945946,0,上市法人排名連續3個交易日位於同日TWSE前10%，建立40日追蹤,TRACK_ONLY
P6D-TWSE-2303-2026-05-05,2303,聯電,2026-05-05,TWSE_TRACK_CONFIRMED,TWSE_TRACK_CONFIRMED,95.4054054054054,0,上市法人排名連續3個交易日位於同日TWSE前10%，建立40日追蹤,TRACK_ONLY
P6D-TWSE-2345-2026-05-05,2345,智邦,2026-05-05,TWSE_TRACK_CONFIRMED,TWSE_TRACK_CONFIRMED,97.83783783783784,0,上市法人排名連續3個交易日位於同日TWSE前10%，建立40日追蹤,TRACK_ONLY
P6D-TWSE-6805-2026-05-05,6805,富世達,2026-05-05,TWSE_TRACK_CONFIRMED,TWSE_TRACK_CONFIRMED,93.51351351351352,0,上市法人排名連續3個交易日位於同日TWSE前10%，建立40日追蹤,TRACK_ONLY
P6D-TWSE-2327-2026-05-06,2327,國巨*,2026-05-06,TWSE_TRACK_CONFIRMED,TWSE_TRACK_CONFIRMED,97.05882352941177,0,上市法人排名連續3個交易日位於同日TWSE前10%，建立40日追蹤,TRACK_ONLY
P6D-TWSE-2454-2026-05-06,2454,聯發科,2026-05-06,TWSE_TRACK_CONFIRMED,TWSE_TRACK_CONFIRMED,96.52406417112299,0,上市法人排名連續3個交易日位於同日TWSE前10%，建立40日追蹤,TRACK_ONLY
P6D-TWSE-2887-2026-05-06,2887,台新新光金,2026-05-06,TWSE_TRACK_CONFIRMED,TWSE_TRACK_CONFIRMED,95.18716577540107,0,上市法人排名連續3個交易日位於同日TWSE前10%，建立40日追蹤,TRACK_ONLY
P6D-TWSE-9939-2026-05-06,9939,宏全,2026-05-06,TWSE_TRACK_CONFIRMED,TWSE_TRACK_CONFIRMED,98.93048128342245,0,上市法人排名連續3個交易日位於同日TWSE前10%，建立40日追蹤,TRACK_ONLY
P6D-TWSE-3010-2026-05-07,3010,華立,2026-05-07,TWSE_TRACK_CONFIRMED,TWSE_TRACK_CONFIRMED,91.71122994652407,0,上市法人排名連續3個交易日位於同日TWSE前10%，建立40日追蹤,TRACK_ONLY
P6D-TWSE-3583-2026-05-07,3583,辛耘,2026-05-07,TWSE_TRACK_CONFIRMED,TWSE_TRACK_CONFIRMED,93.31550802139037,0,上市法人排名連續3個交易日位於同日TWSE前10%，建立40日追蹤,TRACK_ONLY
P6D-TWSE-8210-2026-05-07,8210,勤誠,2026-05-07,TWSE_TRACK_CONFIRMED,TWSE_TRACK_CONFIRMED,91.44385026737967,0,上市法人排名連續3個交易日位於同日TWSE前10%，建立40日追蹤,TRACK_ONLY
P6D-TWSE-8996-2026-05-07,8996,高力,2026-05-07,TWSE_TRACK_CONFIRMED,TWSE_TRACK_CONFIRMED,97.59358288770053,0,上市法人排名連續3個交易日位於同日TWSE前10%，建立40日追蹤,TRACK_ONLY
P6D-TWSE-2618-2026-05-08,2618,長榮航,2026-05-08,TWSE_TRACK_CONFIRMED,TWSE_TRACK_CONFIRMED,94.25587467362925,0,上市法人排名連續3個交易日位於同日TWSE前10%，建立40日追蹤,TRACK_ONLY
P6D-TWSE-3661-2026-05-08,3661,世芯-KY,2026-05-08,TWSE_TRACK_CONFIRMED,TWSE_TRACK_CONFIRMED,99.21671018276761,0,上市法人排名連續3個交易日位於同日TWSE前10%，建立40日追蹤,TRACK_ONLY
P6D-TWSE-4763-2026-05-08,4763,材料*-KY,2026-05-08,TWSE_TRACK_CONFIRMED,TWSE_TRACK_CONFIRMED,95.822454308094,0,上市法人排名連續3個交易日位於同日TWSE前10%，建立40日追蹤,TRACK_ONLY
P6D-TWSE-8046-2026-05-08,8046,南電,2026-05-08,TWSE_TRACK_CONFIRMED,TWSE_TRACK_CONFIRMED,95.56135770234987,0,上市法人排名連續3個交易日位於同日TWSE前10%，建立40日追蹤,TRACK_ONLY
P6D-TWSE-2344-2026-05-11,2344,華邦電,2026-05-11,TWSE_TRACK_CONFIRMED,TWSE_TRACK_CONFIRMED,94.51697127937337,0,上市法人排名連續3個交易日位於同日TWSE前10%，建立40日追蹤,TRACK_ONLY
P6D-TWSE-3026-2026-05-11,3026,禾伸堂,2026-05-11,TWSE_TRACK_CONFIRMED,TWSE_TRACK_CONFIRMED,90.60052219321149,0,上市法人排名連續3個交易日位於同日TWSE前10%，建立40日追蹤,TRACK_ONLY
P6D-TWSE-3034-2026-05-11,3034,聯詠,2026-05-11,TWSE_TRACK_CONFIRMED,TWSE_TRACK_CONFIRMED,97.12793733681463,0,上市法人排名連續3個交易日位於同日TWSE前10%，建立40日追蹤,TRACK_ONLY
P6D-TWSE-1319-2026-05-12,1319,東陽,2026-05-12,TWSE_TRACK_CONFIRMED,TWSE_TRACK_CONFIRMED,98.16272965879264,0,上市法人排名連續3個交易日位於同日TWSE前10%，建立40日追蹤,TRACK_ONLY
P6D-TWSE-3231-2026-05-12,3231,緯創,2026-05-12,TWSE_TRACK_CONFIRMED,TWSE_TRACK_CONFIRMED,93.7007874015748,0,上市法人排名連續3個交易日位於同日TWSE前10%，建立40日追蹤,TRACK_ONLY
P6D-TWSE-4915-2026-05-12,4915,致伸,2026-05-12,TWSE_TRACK_CONFIRMED,TWSE_TRACK_CONFIRMED,94.48818897637796,0,上市法人排名連續3個交易日位於同日TWSE前10%，建立40日追蹤,TRACK_ONLY
P6D-TWSE-6526-2026-05-12,6526,達發,2026-05-12,TWSE_TRACK_CONFIRMED,TWSE_TRACK_CONFIRMED,97.3753280839895,0,上市法人排名連續3個交易日位於同日TWSE前10%，建立40日追蹤,TRACK_ONLY
P6D-TWSE-1477-2026-05-14,1477,聚陽,2026-05-14,TWSE_TRACK_CONFIRMED,TWSE_TRACK_CONFIRMED,97.35449735449735,0,上市法人排名連續3個交易日位於同日TWSE前10%，建立40日追蹤,TRACK_ONLY
P6D-TWSE-2548-2026-05-14,2548,華固,2026-05-14,TWSE_TRACK_CONFIRMED,TWSE_TRACK_CONFIRMED,91.7989417989418,0,上市法人排名連續3個交易日位於同日TWSE前10%，建立40日追蹤,TRACK_ONLY
P6D-TWSE-6139-2026-05-14,6139,亞翔,2026-05-14,TWSE_TRACK_CONFIRMED,TWSE_TRACK_CONFIRMED,96.03174603174604,0,上市法人排名連續3個交易日位於同日TWSE前10%，建立40日追蹤,TRACK_ONLY
P6D-TWSE-2603-2026-05-15,2603,長榮,2026-05-15,TWSE_TRACK_CONFIRMED,TWSE_TRACK_CONFIRMED,99.47506561679789,0,上市法人排名連續3個交易日位於同日TWSE前10%，建立40日追蹤,TRACK_ONLY
P6D-TWSE-3706-2026-05-15,3706,神達,2026-05-15,TWSE_TRACK_CONFIRMED,TWSE_TRACK_CONFIRMED,91.0761154855643,0,上市法人排名連續3個交易日位於同日TWSE前10%，建立40日追蹤,TRACK_ONLY
P6D-TWSE-2313-2026-05-18,2313,華通,2026-05-18,TWSE_TRACK_CONFIRMED,TWSE_TRACK_CONFIRMED,91.90600522193212,0,上市法人排名連續3個交易日位於同日TWSE前10%，建立40日追蹤,TRACK_ONLY
P6D-TWSE-2472-2026-05-18,2472,立隆電,2026-05-18,TWSE_TRACK_CONFIRMED,TWSE_TRACK_CONFIRMED,95.56135770234987,0,上市法人排名連續3個交易日位於同日TWSE前10%，建立40日追蹤,TRACK_ONLY
P6D-TWSE-2385-2026-05-19,2385,群光,2026-05-19,TWSE_TRACK_CONFIRMED,TWSE_TRACK_CONFIRMED,95.23809523809523,0,上市法人排名連續3個交易日位於同日TWSE前10%，建立40日追蹤,TRACK_ONLY
P6D-TWSE-2393-2026-05-19,2393,億光,2026-05-19,TWSE_TRACK_CONFIRMED,TWSE_TRACK_CONFIRMED,94.44444444444444,0,上市法人排名連續3個交易日位於同日TWSE前10%，建立40日追蹤,TRACK_ONLY
P6D-TWSE-6669-2026-05-19,6669,緯穎,2026-05-19,TWSE_TRACK_CONFIRMED,TWSE_TRACK_CONFIRMED,94.70899470899471,0,上市法人排名連續3個交易日位於同日TWSE前10%，建立40日追蹤,TRACK_ONLY
P6D-TWSE-6770-2026-05-20,6770,力積電,2026-05-20,TWSE_TRACK_CONFIRMED,TWSE_TRACK_CONFIRMED,92.47311827956989,0,上市法人排名連續3個交易日位於同日TWSE前10%，建立40日追蹤,TRACK_ONLY
P6D-TWSE-5269-2026-05-21,5269,祥碩,2026-05-21,TWSE_TRACK_CONFIRMED,TWSE_TRACK_CONFIRMED,90.61662198391421,0,上市法人排名連續3個交易日位於同日TWSE前10%，建立40日追蹤,TRACK_ONLY
P6D-TWSE-2481-2026-05-22,2481,強茂,2026-05-22,TWSE_TRACK_CONFIRMED,TWSE_TRACK_CONFIRMED,90.1595744680851,0,上市法人排名連續3個交易日位於同日TWSE前10%，建立40日追蹤,TRACK_ONLY
P6D-TWSE-3711-2026-05-25,3711,日月光投控,2026-05-25,TWSE_TRACK_CONFIRMED,TWSE_TRACK_CONFIRMED,93.96325459317585,0,上市法人排名連續3個交易日位於同日TWSE前10%，建立40日追蹤,TRACK_ONLY
P6D-TWSE-2883-2026-05-26,2883,凱基金,2026-05-26,TWSE_TRACK_CONFIRMED,TWSE_TRACK_CONFIRMED,93.22916666666666,0,上市法人排名連續3個交易日位於同日TWSE前10%，建立40日追蹤,TRACK_ONLY
P6D-TWSE-2892-2026-05-26,2892,第一金,2026-05-26,TWSE_TRACK_CONFIRMED,TWSE_TRACK_CONFIRMED,97.13541666666666,0,上市法人排名連續3個交易日位於同日TWSE前10%，建立40日追蹤,TRACK_ONLY
P6D-TWSE-2395-2026-05-27,2395,研華,2026-05-27,TWSE_TRACK_CONFIRMED,TWSE_TRACK_CONFIRMED,93.81443298969072,0,上市法人排名連續3個交易日位於同日TWSE前10%，建立40日追蹤,TRACK_ONLY
P6D-TWSE-2492-2026-05-27,2492,華新科,2026-05-27,TWSE_TRACK_CONFIRMED,TWSE_TRACK_CONFIRMED,91.49484536082474,0,上市法人排名連續3個交易日位於同日TWSE前10%，建立40日追蹤,TRACK_ONLY
P6D-TWSE-3665-2026-05-27,3665,貿聯-KY,2026-05-27,TWSE_TRACK_CONFIRMED,TWSE_TRACK_CONFIRMED,96.1340206185567,0,上市法人排名連續3個交易日位於同日TWSE前10%，建立40日追蹤,TRACK_ONLY
P6D-TWSE-2357-2026-05-29,2357,華碩,2026-05-29,TWSE_TRACK_CONFIRMED,TWSE_TRACK_CONFIRMED,90.37974683544304,0,上市法人排名連續3個交易日位於同日TWSE前10%，建立40日追蹤,TRACK_ONLY
P6D-TWSE-6789-2026-05-29,6789,采鈺,2026-05-29,TWSE_TRACK_CONFIRMED,TWSE_TRACK_CONFIRMED,96.45569620253166,0,上市法人排名連續3個交易日位於同日TWSE前10%，建立40日追蹤,TRACK_ONLY
P6D-TWSE-2412-2026-06-01,2412,中華電,2026-06-01,TWSE_TRACK_CONFIRMED,TWSE_TRACK_CONFIRMED,95.97989949748744,0,上市法人排名連續3個交易日位於同日TWSE前10%，建立40日追蹤,TRACK_ONLY
P6D-TWSE-3045-2026-06-01,3045,台灣大,2026-06-01,TWSE_TRACK_CONFIRMED,TWSE_TRACK_CONFIRMED,90.7035175879397,0,上市法人排名連續3個交易日位於同日TWSE前10%，建立40日追蹤,TRACK_ONLY
P6D-TWSE-6415-2026-06-01,6415,矽力*-KY,2026-06-01,TWSE_TRACK_CONFIRMED,TWSE_TRACK_CONFIRMED,93.96984924623115,0,上市法人排名連續3個交易日位於同日TWSE前10%，建立40日追蹤,TRACK_ONLY
P6D-TWSE-2882-2026-06-02,2882,國泰金,2026-06-02,TWSE_TRACK_CONFIRMED,TWSE_TRACK_CONFIRMED,96.75810473815461,0,上市法人排名連續3個交易日位於同日TWSE前10%，建立40日追蹤,TRACK_ONLY
P6D-TWSE-3005-2026-06-03,3005,神基,2026-06-03,TWSE_TRACK_CONFIRMED,TWSE_TRACK_CONFIRMED,95.0,0,上市法人排名連續3個交易日位於同日TWSE前10%，建立40日追蹤,TRACK_ONLY
P6D-TWSE-3481-2026-06-03,3481,群創,2026-06-03,TWSE_TRACK_CONFIRMED,TWSE_TRACK_CONFIRMED,95.75,0,上市法人排名連續3個交易日位於同日TWSE前10%，建立40日追蹤,TRACK_ONLY
P6D-TWSE-1605-2026-06-04,1605,華新,2026-06-04,TWSE_TRACK_CONFIRMED,TWSE_TRACK_CONFIRMED,98.25436408977556,0,上市法人排名連續3個交易日位於同日TWSE前10%，建立40日追蹤,TRACK_ONLY
P6D-TWSE-2409-2026-06-04,2409,友達,2026-06-04,TWSE_TRACK_CONFIRMED,TWSE_TRACK_CONFIRMED,92.26932668329178,0,上市法人排名連續3個交易日位於同日TWSE前10%，建立40日追蹤,TRACK_ONLY
P6D-TWSE-2609-2026-06-04,2609,陽明,2026-06-04,TWSE_TRACK_CONFIRMED,TWSE_TRACK_CONFIRMED,99.75062344139651,0,上市法人排名連續3個交易日位於同日TWSE前10%，建立40日追蹤,TRACK_ONLY
P6D-TWSE-1101-2026-06-05,1101,台泥,2026-06-05,TWSE_TRACK_CONFIRMED,TWSE_TRACK_CONFIRMED,93.30024813895783,0,上市法人排名連續3個交易日位於同日TWSE前10%，建立40日追蹤,TRACK_ONLY
P6D-TWSE-2002-2026-06-08,2002,中鋼,2026-06-08,TWSE_TRACK_CONFIRMED,TWSE_TRACK_CONFIRMED,90.64039408866995,0,上市法人排名連續3個交易日位於同日TWSE前10%，建立40日追蹤,TRACK_ONLY
P6D-TWSE-2606-2026-06-08,2606,裕民,2026-06-08,TWSE_TRACK_CONFIRMED,TWSE_TRACK_CONFIRMED,98.76847290640394,0,上市法人排名連續3個交易日位於同日TWSE前10%，建立40日追蹤,TRACK_ONLY
P6D-TWSE-3036-2026-06-08,3036,文曄,2026-06-08,TWSE_TRACK_CONFIRMED,TWSE_TRACK_CONFIRMED,95.32019704433498,0,上市法人排名連續3個交易日位於同日TWSE前10%，建立40日追蹤,TRACK_ONLY
P6D-TWSE-6202-2026-06-08,6202,盛群,2026-06-08,TWSE_TRACK_CONFIRMED,TWSE_TRACK_CONFIRMED,90.39408866995073,0,上市法人排名連續3個交易日位於同日TWSE前10%，建立40日追蹤,TRACK_ONLY
P6D-TWSE-6176-2026-06-10,6176,瑞儀,2026-06-10,TWSE_TRACK_CONFIRMED,TWSE_TRACK_CONFIRMED,98.80668257756562,0,上市法人排名連續3個交易日位於同日TWSE前10%，建立40日追蹤,TRACK_ONLY
P6D-TWSE-6196-2026-06-10,6196,帆宣,2026-06-10,TWSE_TRACK_CONFIRMED,TWSE_TRACK_CONFIRMED,94.27207637231504,0,上市法人排名連續3個交易日位於同日TWSE前10%，建立40日追蹤,TRACK_ONLY
P6D-TWSE-8926-2026-06-10,8926,台汽電,2026-06-10,TWSE_TRACK_CONFIRMED,TWSE_TRACK_CONFIRMED,97.3747016706444,0,上市法人排名連續3個交易日位於同日TWSE前10%，建立40日追蹤,TRACK_ONLY
P6D-TWSE-2637-2026-06-11,2637,慧洋-KY,2026-06-11,TWSE_TRACK_CONFIRMED,TWSE_TRACK_CONFIRMED,93.55608591885442,0,上市法人排名連續3個交易日位於同日TWSE前10%，建立40日追蹤,TRACK_ONLY
P6D-TWSE-2451-2026-06-12,2451,創見,2026-06-12,TWSE_TRACK_CONFIRMED,TWSE_TRACK_CONFIRMED,92.53012048192771,0,上市法人排名連續3個交易日位於同日TWSE前10%，建立40日追蹤,TRACK_ONLY
P6D-TWSE-6412-2026-06-12,6412,群電,2026-06-12,TWSE_TRACK_CONFIRMED,TWSE_TRACK_CONFIRMED,99.03614457831326,0,上市法人排名連續3個交易日位於同日TWSE前10%，建立40日追蹤,TRACK_ONLY
P6D-TWSE-6757-2026-06-12,6757,台灣虎航,2026-06-12,TWSE_TRACK_CONFIRMED,TWSE_TRACK_CONFIRMED,97.59036144578313,0,上市法人排名連續3個交易日位於同日TWSE前10%，建立40日追蹤,TRACK_ONLY
P6D-TWSE-2352-2026-06-15,2352,佳世達,2026-06-15,TWSE_TRACK_CONFIRMED,TWSE_TRACK_CONFIRMED,95.22673031026252,0,上市法人排名連續3個交易日位於同日TWSE前10%，建立40日追蹤,TRACK_ONLY
P6D-TWSE-6446-2026-06-16,6446,藥華藥,2026-06-16,TWSE_TRACK_CONFIRMED,TWSE_TRACK_CONFIRMED,92.90780141843972,0,上市法人排名連續3個交易日位於同日TWSE前10%，建立40日追蹤,TRACK_ONLY
P6D-TWSE-1476-2026-06-17,1476,儒鴻,2026-06-17,TWSE_TRACK_CONFIRMED,TWSE_TRACK_CONFIRMED,95.04716981132076,0,上市法人排名連續3個交易日位於同日TWSE前10%，建立40日追蹤,TRACK_ONLY
P6D-TWSE-3015-2026-06-17,3015,全漢,2026-06-17,TWSE_TRACK_CONFIRMED,TWSE_TRACK_CONFIRMED,96.22641509433963,0,上市法人排名連續3個交易日位於同日TWSE前10%，建立40日追蹤,TRACK_ONLY
P6D-TWSE-1504-2026-06-18,1504,東元,2026-06-18,TWSE_TRACK_CONFIRMED,TWSE_TRACK_CONFIRMED,95.29411764705881,0,上市法人排名連續3個交易日位於同日TWSE前10%，建立40日追蹤,TRACK_ONLY
P6D-TWSE-2317-2026-06-18,2317,鴻海,2026-06-18,TWSE_TRACK_CONFIRMED,TWSE_TRACK_CONFIRMED,96.94117647058823,0,上市法人排名連續3個交易日位於同日TWSE前10%，建立40日追蹤,TRACK_ONLY
P6D-TWSE-2371-2026-06-18,2371,大同,2026-06-18,TWSE_TRACK_CONFIRMED,TWSE_TRACK_CONFIRMED,96.47058823529412,0,上市法人排名連續3個交易日位於同日TWSE前10%，建立40日追蹤,TRACK_ONLY
P6D-TWSE-2404-2026-06-22,2404,漢唐,2026-06-22,TWSE_TRACK_CONFIRMED,TWSE_TRACK_CONFIRMED,91.07981220657277,0,上市法人排名連續3個交易日位於同日TWSE前10%，建立40日追蹤,TRACK_ONLY
P6D-TWSE-2207-2026-06-23,2207,和泰車,2026-06-23,TWSE_TRACK_CONFIRMED,TWSE_TRACK_CONFIRMED,94.10377358490565,0,上市法人排名連續3個交易日位於同日TWSE前10%，建立40日追蹤,TRACK_ONLY
P6D-TWSE-6285-2026-06-23,6285,啟碁,2026-06-23,TWSE_TRACK_CONFIRMED,TWSE_TRACK_CONFIRMED,90.56603773584906,0,上市法人排名連續3個交易日位於同日TWSE前10%，建立40日追蹤,TRACK_ONLY
P6D-TWSE-2059-2026-06-24,2059,川湖,2026-06-24,TWSE_TRACK_CONFIRMED,TWSE_TRACK_CONFIRMED,98.812351543943,0,上市法人排名連續3個交易日位於同日TWSE前10%，建立40日追蹤,TRACK_ONLY
P6D-TWSE-3008-2026-06-24,3008,大立光,2026-06-24,TWSE_TRACK_CONFIRMED,TWSE_TRACK_CONFIRMED,90.49881235154395,0,上市法人排名連續3個交易日位於同日TWSE前10%，建立40日追蹤,TRACK_ONLY
P6D-TWSE-3044-2026-06-24,3044,健鼎,2026-06-24,TWSE_TRACK_CONFIRMED,TWSE_TRACK_CONFIRMED,91.44893111638956,0,上市法人排名連續3個交易日位於同日TWSE前10%，建立40日追蹤,TRACK_ONLY
P6D-TWSE-5880-2026-06-24,5880,合庫金,2026-06-24,TWSE_TRACK_CONFIRMED,TWSE_TRACK_CONFIRMED,97.14964370546319,0,上市法人排名連續3個交易日位於同日TWSE前10%，建立40日追蹤,TRACK_ONLY
P6D-TWSE-6239-2026-06-24,6239,力成,2026-06-24,TWSE_TRACK_CONFIRMED,TWSE_TRACK_CONFIRMED,94.29928741092637,0,上市法人排名連續3個交易日位於同日TWSE前10%，建立40日追蹤,TRACK_ONLY
P6D-TWSE-2474-2026-06-25,2474,可成,2026-06-25,TWSE_TRACK_CONFIRMED,TWSE_TRACK_CONFIRMED,98.09523809523809,0,上市法人排名連續3個交易日位於同日TWSE前10%，建立40日追蹤,TRACK_ONLY
P6D-TWSE-3014-2026-06-26,3014,聯陽,2026-06-26,TWSE_TRACK_CONFIRMED,TWSE_TRACK_CONFIRMED,90.97387173396675,0,上市法人排名連續3個交易日位於同日TWSE前10%，建立40日追蹤,TRACK_ONLY
P6D-TWSE-1102-2026-06-30,1102,亞泥,2026-06-30,TWSE_TRACK_CONFIRMED,TWSE_TRACK_CONFIRMED,100.0,0,上市法人排名連續3個交易日位於同日TWSE前10%，建立40日追蹤,TRACK_ONLY
P6D-TWSE-1303-2026-05-04,1303,南亞,2026-06-30,TWSE_DAY40_END,TWSE_TRACK_CONFIRMED,87.8345498783455,40,上市法人40日追蹤期結束；不代表賣出,TRACK_ONLY
P6D-TWSE-2308-2026-05-04,2308,台達電,2026-06-30,TWSE_DAY40_END,TWSE_TRACK_CONFIRMED,60.58394160583942,40,上市法人40日追蹤期結束；不代表賣出,TRACK_ONLY
P6D-TWSE-2330-2026-05-04,2330,台積電,2026-06-30,TWSE_DAY40_END,TWSE_TRACK_CONFIRMED,90.99756690997567,40,上市法人40日追蹤期結束；不代表賣出,TRACK_ONLY
P6D-TWSE-2356-2026-05-04,2356,英業達,2026-06-30,TWSE_DAY40_END,TWSE_TRACK_CONFIRMED,65.20681265206812,40,上市法人40日追蹤期結束；不代表賣出,TRACK_ONLY
P6D-TWSE-2376-2026-05-04,2376,技嘉,2026-06-30,TWSE_DAY40_END,TWSE_TRACK_CONFIRMED,94.64720194647201,40,上市法人40日追蹤期結束；不代表賣出,TRACK_ONLY
P6D-TWSE-2382-2026-05-04,2382,廣達,2026-06-30,TWSE_DAY40_END,TWSE_TRACK_CONFIRMED,43.30900243309003,40,上市法人40日追蹤期結束；不代表賣出,TRACK_ONLY
P6D-TWSE-2383-2026-05-04,2383,台光電,2026-06-30,TWSE_DAY40_END,TWSE_TRACK_CONFIRMED,67.63990267639902,40,上市法人40日追蹤期結束；不代表賣出,TRACK_ONLY
P6D-TWSE-2408-2026-05-04,2408,南亞科,2026-06-30,TWSE_DAY40_END,TWSE_TRACK_CONFIRMED,58.15085158150851,40,上市法人40日追蹤期結束；不代表賣出,TRACK_ONLY
P6D-TWSE-2439-2026-05-04,2439,美律,2026-06-30,TWSE_DAY40_END,TWSE_TRACK_CONFIRMED,14.111922141119221,40,上市法人40日追蹤期結束；不代表賣出,TRACK_ONLY
P6D-TWSE-2455-2026-05-04,2455,全新,2026-06-30,TWSE_DAY40_END,TWSE_TRACK_CONFIRMED,50.60827250608273,40,上市法人40日追蹤期結束；不代表賣出,TRACK_ONLY
P6D-TWSE-2881-2026-05-04,2881,富邦金,2026-06-30,TWSE_DAY40_END,TWSE_TRACK_CONFIRMED,63.503649635036496,40,上市法人40日追蹤期結束；不代表賣出,TRACK_ONLY
P6D-TWSE-2885-2026-05-04,2885,元大金,2026-06-30,TWSE_DAY40_END,TWSE_TRACK_CONFIRMED,97.5669099756691,40,上市法人40日追蹤期結束；不代表賣出,TRACK_ONLY
P6D-TWSE-2886-2026-05-04,2886,兆豐金,2026-06-30,TWSE_DAY40_END,TWSE_TRACK_CONFIRMED,54.257907542579076,40,上市法人40日追蹤期結束；不代表賣出,TRACK_ONLY
P6D-TWSE-2891-2026-05-04,2891,中信金,2026-06-30,TWSE_DAY40_END,TWSE_TRACK_CONFIRMED,91.24087591240875,40,上市法人40日追蹤期結束；不代表賣出,TRACK_ONLY
P6D-TWSE-3017-2026-05-04,3017,奇鋐,2026-06-30,TWSE_DAY40_END,TWSE_TRACK_CONFIRMED,84.18491484184915,40,上市法人40日追蹤期結束；不代表賣出,TRACK_ONLY
P6D-TWSE-3189-2026-05-04,3189,景碩,2026-06-30,TWSE_DAY40_END,TWSE_TRACK_CONFIRMED,57.17761557177615,40,上市法人40日追蹤期結束；不代表賣出,TRACK_ONLY
P6D-TWSE-3443-2026-05-04,3443,創意,2026-06-30,TWSE_DAY40_END,TWSE_TRACK_CONFIRMED,86.13138686131386,40,上市法人40日追蹤期結束；不代表賣出,TRACK_ONLY
P6D-TWSE-3533-2026-05-04,3533,嘉澤,2026-06-30,TWSE_DAY40_END,TWSE_TRACK_CONFIRMED,81.50851581508516,40,上市法人40日追蹤期結束；不代表賣出,TRACK_ONLY
P6D-TWSE-4904-2026-05-04,4904,遠傳,2026-06-30,TWSE_DAY40_END,TWSE_TRACK_CONFIRMED,82.48175182481752,40,上市法人40日追蹤期結束；不代表賣出,TRACK_ONLY
P6D-TWSE-4958-2026-05-04,4958,臻鼎-KY,2026-06-30,TWSE_DAY40_END,TWSE_TRACK_CONFIRMED,53.284671532846716,40,上市法人40日追蹤期結束；不代表賣出,TRACK_ONLY
P6D-TWSE-6278-2026-05-04,6278,台表科,2026-06-30,TWSE_DAY40_END,TWSE_TRACK_CONFIRMED,78.1021897810219,40,上市法人40日追蹤期結束；不代表賣出,TRACK_ONLY
P6D-TWSE-6531-2026-05-04,6531,愛普*,2026-06-30,TWSE_DAY40_END,TWSE_TRACK_CONFIRMED,92.7007299270073,40,上市法人40日追蹤期結束；不代表賣出,TRACK_ONLY
P6D-TWSE-7769-2026-05-04,7769,鴻勁,2026-06-30,TWSE_DAY40_END,TWSE_TRACK_CONFIRMED,69.34306569343066,40,上市法人40日追蹤期結束；不代表賣出,TRACK_ONLY
P6D-TWSE-1215-2026-05-05,1215,卜蜂,2026-07-01,TWSE_DAY40_END,TWSE_TRACK_CONFIRMED,83.33333333333334,40,上市法人40日追蹤期結束；不代表賣出,TRACK_ONLY
P6D-TWSE-2049-2026-05-05,2049,上銀,2026-07-01,TWSE_DAY40_END,TWSE_TRACK_CONFIRMED,50.98039215686274,40,上市法人40日追蹤期結束；不代表賣出,TRACK_ONLY
P6D-TWSE-2303-2026-05-05,2303,聯電,2026-07-01,TWSE_DAY40_END,TWSE_TRACK_CONFIRMED,99.26470588235294,40,上市法人40日追蹤期結束；不代表賣出,TRACK_ONLY
P6D-TWSE-2345-2026-05-05,2345,智邦,2026-07-01,TWSE_DAY40_END,TWSE_TRACK_CONFIRMED,89.4607843137255,40,上市法人40日追蹤期結束；不代表賣出,TRACK_ONLY
P6D-TWSE-2610-2026-07-01,2610,華航,2026-07-01,TWSE_TRACK_CONFIRMED,TWSE_TRACK_CONFIRMED,96.07843137254902,0,上市法人排名連續3個交易日位於同日TWSE前10%，建立40日追蹤,TRACK_ONLY
P6D-TWSE-6805-2026-05-05,6805,富世達,2026-07-01,TWSE_DAY40_END,TWSE_TRACK_CONFIRMED,50.245098039215684,40,上市法人40日追蹤期結束；不代表賣出,TRACK_ONLY
P6D-TWSE-2327-2026-05-06,2327,國巨*,2026-07-02,TWSE_DAY40_END,TWSE_TRACK_CONFIRMED,93.53233830845771,40,上市法人40日追蹤期結束；不代表賣出,TRACK_ONLY
P6D-TWSE-2454-2026-05-06,2454,聯發科,2026-07-02,TWSE_DAY40_END,TWSE_TRACK_CONFIRMED,92.7860696517413,40,上市法人40日追蹤期結束；不代表賣出,TRACK_ONLY
P6D-TWSE-2887-2026-05-06,2887,台新新光金,2026-07-02,TWSE_DAY40_END,TWSE_TRACK_CONFIRMED,73.88059701492537,40,上市法人40日追蹤期結束；不代表賣出,TRACK_ONLY
P6D-TWSE-9939-2026-05-06,9939,宏全,2026-07-02,TWSE_DAY40_END,TWSE_TRACK_CONFIRMED,57.2139303482587,40,上市法人40日追蹤期結束；不代表賣出,TRACK_ONLY
P6D-TWSE-1210-2026-07-03,1210,大成,2026-07-03,TWSE_TRACK_CONFIRMED,TWSE_TRACK_CONFIRMED,92.75,0,上市法人排名連續3個交易日位於同日TWSE前10%，建立40日追蹤,TRACK_ONLY
P6D-TWSE-3010-2026-05-07,3010,華立,2026-07-03,TWSE_DAY40_END,TWSE_TRACK_CONFIRMED,91.0,40,上市法人40日追蹤期結束；不代表賣出,TRACK_ONLY
P6D-TWSE-3583-2026-05-07,3583,辛耘,2026-07-03,TWSE_DAY40_END,TWSE_TRACK_CONFIRMED,40.25,40,上市法人40日追蹤期結束；不代表賣出,TRACK_ONLY
P6D-TWSE-8210-2026-05-07,8210,勤誠,2026-07-03,TWSE_DAY40_END,TWSE_TRACK_CONFIRMED,87.0,40,上市法人40日追蹤期結束；不代表賣出,TRACK_ONLY
P6D-TWSE-8996-2026-05-07,8996,高力,2026-07-03,TWSE_DAY40_END,TWSE_TRACK_CONFIRMED,96.25,40,上市法人40日追蹤期結束；不代表賣出,TRACK_ONLY
P6D-TWSE-2618-2026-05-08,2618,長榮航,2026-07-06,TWSE_DAY40_END,TWSE_TRACK_CONFIRMED,96.5,40,上市法人40日追蹤期結束；不代表賣出,TRACK_ONLY
P6D-TWSE-3661-2026-05-08,3661,世芯-KY,2026-07-06,TWSE_DAY40_END,TWSE_TRACK_CONFIRMED,93.75,40,上市法人40日追蹤期結束；不代表賣出,TRACK_ONLY
P6D-TWSE-4763-2026-05-08,4763,材料*-KY,2026-07-06,TWSE_DAY40_END,TWSE_TRACK_CONFIRMED,45.5,40,上市法人40日追蹤期結束；不代表賣出,TRACK_ONLY
P6D-TWSE-6831-2026-07-06,6831,邁科,2026-07-06,TWSE_TRACK_CONFIRMED,TWSE_TRACK_CONFIRMED,95.75,0,上市法人排名連續3個交易日位於同日TWSE前10%，建立40日追蹤,TRACK_ONLY
P6D-TWSE-8046-2026-05-08,8046,南電,2026-07-06,TWSE_DAY40_END,TWSE_TRACK_CONFIRMED,94.5,40,上市法人40日追蹤期結束；不代表賣出,TRACK_ONLY
P6D-TWSE-2344-2026-05-11,2344,華邦電,2026-07-07,TWSE_DAY40_END,TWSE_TRACK_CONFIRMED,93.95465994962217,40,上市法人40日追蹤期結束；不代表賣出,TRACK_ONLY
P6D-TWSE-3026-2026-05-11,3026,禾伸堂,2026-07-07,TWSE_DAY40_END,TWSE_TRACK_CONFIRMED,76.32241813602015,40,上市法人40日追蹤期結束；不代表賣出,TRACK_ONLY
P6D-TWSE-3034-2026-05-11,3034,聯詠,2026-07-07,TWSE_DAY40_END,TWSE_TRACK_CONFIRMED,99.49622166246851,40,上市法人40日追蹤期結束；不代表賣出,TRACK_ONLY
P6D-TWSE-6282-2026-07-07,6282,康舒,2026-07-07,TWSE_TRACK_CONFIRMED,TWSE_TRACK_CONFIRMED,94.7103274559194,0,上市法人排名連續3個交易日位於同日TWSE前10%，建立40日追蹤,TRACK_ONLY
P6D-TWSE-1319-2026-05-12,1319,東陽,2026-07-08,TWSE_DAY40_END,TWSE_TRACK_CONFIRMED,65.81632653061224,40,上市法人40日追蹤期結束；不代表賣出,TRACK_ONLY
P6D-TWSE-2006-2026-07-08,2006,東和鋼鐵,2026-07-08,TWSE_TRACK_CONFIRMED,TWSE_TRACK_CONFIRMED,96.93877551020408,0,上市法人排名連續3個交易日位於同日TWSE前10%，建立40日追蹤,TRACK_ONLY
P6D-TWSE-2347-2026-07-08,2347,聯強,2026-07-08,TWSE_TRACK_CONFIRMED,TWSE_TRACK_CONFIRMED,97.44897959183673,0,上市法人排名連續3個交易日位於同日TWSE前10%，建立40日追蹤,TRACK_ONLY
P6D-TWSE-3037-2026-07-08,3037,欣興,2026-07-08,TWSE_TRACK_CONFIRMED,TWSE_TRACK_CONFIRMED,95.40816326530613,0,上市法人排名連續3個交易日位於同日TWSE前10%，建立40日追蹤,TRACK_ONLY
P6D-TWSE-3231-2026-05-12,3231,緯創,2026-07-08,TWSE_DAY40_END,TWSE_TRACK_CONFIRMED,90.56122448979592,40,上市法人40日追蹤期結束；不代表賣出,TRACK_ONLY
P6D-TWSE-4915-2026-05-12,4915,致伸,2026-07-08,TWSE_DAY40_END,TWSE_TRACK_CONFIRMED,94.13265306122449,40,上市法人40日追蹤期結束；不代表賣出,TRACK_ONLY
P6D-TWSE-6526-2026-05-12,6526,達發,2026-07-08,TWSE_DAY40_END,TWSE_TRACK_CONFIRMED,61.73469387755102,40,上市法人40日追蹤期結束；不代表賣出,TRACK_ONLY
P6D-TWSE-6271-2026-07-09,6271,同欣電,2026-07-09,TWSE_TRACK_CONFIRMED,TWSE_TRACK_CONFIRMED,95.1530612244898,0,上市法人排名連續3個交易日位於同日TWSE前10%，建立40日追蹤,TRACK_ONLY
P6D-TWSE-8081-2026-07-09,8081,致新,2026-07-09,TWSE_TRACK_CONFIRMED,TWSE_TRACK_CONFIRMED,96.68367346938776,0,上市法人排名連續3個交易日位於同日TWSE前10%，建立40日追蹤,TRACK_ONLY
P6D-TWSE-1477-2026-05-14,1477,聚陽,2026-07-13,TWSE_DAY40_END,TWSE_TRACK_CONFIRMED,89.31297709923665,40,上市法人40日追蹤期結束；不代表賣出,TRACK_ONLY
P6D-TWSE-2548-2026-05-14,2548,華固,2026-07-13,TWSE_DAY40_END,TWSE_TRACK_CONFIRMED,26.208651399491096,40,上市法人40日追蹤期結束；不代表賣出,TRACK_ONLY
P6D-TWSE-6139-2026-05-14,6139,亞翔,2026-07-13,TWSE_DAY40_END,TWSE_TRACK_CONFIRMED,61.832061068702295,40,上市法人40日追蹤期結束；不代表賣出,TRACK_ONLY
P6D-TWSE-6257-2026-07-13,6257,矽格,2026-07-13,TWSE_TRACK_CONFIRMED,TWSE_TRACK_CONFIRMED,91.0941475826972,0,上市法人排名連續3個交易日位於同日TWSE前10%，建立40日追蹤,TRACK_ONLY
P6D-TWSE-2337-2026-07-14,2337,旺宏,2026-07-14,TWSE_TRACK_CONFIRMED,TWSE_TRACK_CONFIRMED,94.14758269720102,0,上市法人排名連續3個交易日位於同日TWSE前10%，建立40日追蹤,TRACK_ONLY
P6D-TWSE-2603-2026-05-15,2603,長榮,2026-07-14,TWSE_DAY40_END,TWSE_TRACK_CONFIRMED,65.64885496183206,40,上市法人40日追蹤期結束；不代表賣出,TRACK_ONLY
P6D-TWSE-3706-2026-05-15,3706,神達,2026-07-14,TWSE_DAY40_END,TWSE_TRACK_CONFIRMED,67.17557251908397,40,上市法人40日追蹤期結束；不代表賣出,TRACK_ONLY
P6D-TWSE-2313-2026-05-18,2313,華通,2026-07-15,TWSE_DAY40_END,TWSE_TRACK_CONFIRMED,71.7557251908397,40,上市法人40日追蹤期結束；不代表賣出,TRACK_ONLY
P6D-TWSE-2472-2026-05-18,2472,立隆電,2026-07-15,TWSE_DAY40_END,TWSE_TRACK_CONFIRMED,79.38931297709924,40,上市法人40日追蹤期結束；不代表賣出,TRACK_ONLY
P6D-TWSE-2890-2026-07-15,2890,永豐金,2026-07-15,TWSE_TRACK_CONFIRMED,TWSE_TRACK_CONFIRMED,96.18320610687023,0,上市法人排名連續3個交易日位於同日TWSE前10%，建立40日追蹤,TRACK_ONLY
P6D-TWSE-5876-2026-07-15,5876,上海商銀,2026-07-15,TWSE_TRACK_CONFIRMED,TWSE_TRACK_CONFIRMED,95.16539440203562,0,上市法人排名連續3個交易日位於同日TWSE前10%，建立40日追蹤,TRACK_ONLY
P6D-TWSE-2385-2026-05-19,2385,群光,2026-07-16,TWSE_DAY40_END,TWSE_TRACK_CONFIRMED,69.72010178117048,40,上市法人40日追蹤期結束；不代表賣出,TRACK_ONLY
P6D-TWSE-2393-2026-05-19,2393,億光,2026-07-16,TWSE_DAY40_END,TWSE_TRACK_CONFIRMED,25.190839694656486,40,上市法人40日追蹤期結束；不代表賣出,TRACK_ONLY
P6D-TWSE-6669-2026-05-19,6669,緯穎,2026-07-16,TWSE_DAY40_END,TWSE_TRACK_CONFIRMED,64.3765903307888,40,上市法人40日追蹤期結束；不代表賣出,TRACK_ONLY
P6D-TWSE-8016-2026-07-16,8016,矽創,2026-07-16,TWSE_TRACK_CONFIRMED,TWSE_TRACK_CONFIRMED,93.12977099236642,0,上市法人排名連續3個交易日位於同日TWSE前10%，建立40日追蹤,TRACK_ONLY
P6D-TWSE-1326-2026-07-17,1326,台化,2026-07-17,TWSE_TRACK_CONFIRMED,TWSE_TRACK_CONFIRMED,94.11764705882352,0,上市法人排名連續3個交易日位於同日TWSE前10%，建立40日追蹤,TRACK_ONLY
P6D-TWSE-2379-2026-07-17,2379,瑞昱,2026-07-17,TWSE_TRACK_CONFIRMED,TWSE_TRACK_CONFIRMED,92.32736572890026,0,上市法人排名連續3個交易日位於同日TWSE前10%，建立40日追蹤,TRACK_ONLY
P6D-TWSE-2441-2026-07-17,2441,超豐,2026-07-17,TWSE_TRACK_CONFIRMED,TWSE_TRACK_CONFIRMED,90.02557544757033,0,上市法人排名連續3個交易日位於同日TWSE前10%，建立40日追蹤,TRACK_ONLY
P6D-TWSE-4919-2026-07-17,4919,新唐,2026-07-17,TWSE_TRACK_CONFIRMED,TWSE_TRACK_CONFIRMED,96.67519181585678,0,上市法人排名連續3個交易日位於同日TWSE前10%，建立40日追蹤,TRACK_ONLY
P6D-TWSE-6770-2026-05-20,6770,力積電,2026-07-17,TWSE_DAY40_END,TWSE_TRACK_CONFIRMED,86.70076726342711,40,上市法人40日追蹤期結束；不代表賣出,TRACK_ONLY
P6D-TWSE-1590-2026-07-20,1590,亞德客-KY,2026-07-20,TWSE_TRACK_CONFIRMED,TWSE_TRACK_CONFIRMED,97.9381443298969,0,上市法人排名連續3個交易日位於同日TWSE前10%，建立40日追蹤,TRACK_ONLY
P6D-TWSE-5269-2026-05-21,5269,祥碩,2026-07-20,TWSE_DAY40_END,TWSE_TRACK_CONFIRMED,94.84536082474226,40,上市法人40日追蹤期結束；不代表賣出,TRACK_ONLY
P6D-TWSE-6213-2026-07-20,6213,聯茂,2026-07-20,TWSE_TRACK_CONFIRMED,TWSE_TRACK_CONFIRMED,93.29896907216495,0,上市法人排名連續3個交易日位於同日TWSE前10%，建立40日追蹤,TRACK_ONLY
P6D-TWSE-2449-2026-07-21,2449,京元電子,2026-07-21,TWSE_TRACK_CONFIRMED,TWSE_TRACK_CONFIRMED,97.36147757255937,0,上市法人排名連續3個交易日位於同日TWSE前10%，建立40日追蹤,TRACK_ONLY
P6D-TWSE-2481-2026-05-22,2481,強茂,2026-07-21,TWSE_DAY40_END,TWSE_TRACK_CONFIRMED,48.02110817941953,40,上市法人40日追蹤期結束；不代表賣出,TRACK_ONLY
P6D-TWSE-2880-2026-07-21,2880,華南金,2026-07-21,TWSE_TRACK_CONFIRMED,TWSE_TRACK_CONFIRMED,92.87598944591029,0,上市法人排名連續3個交易日位於同日TWSE前10%，建立40日追蹤,TRACK_ONLY
P6D-TWSE-2912-2026-07-21,2912,統一超,2026-07-21,TWSE_TRACK_CONFIRMED,TWSE_TRACK_CONFIRMED,90.76517150395779,0,上市法人排名連續3個交易日位於同日TWSE前10%，建立40日追蹤,TRACK_ONLY
P6D-TWSE-3711-2026-05-25,3711,日月光投控,2026-07-22,TWSE_DAY40_END,TWSE_TRACK_CONFIRMED,95.47872340425532,40,上市法人40日追蹤期結束；不代表賣出,TRACK_ONLY
P6D-TWSE-2883-2026-05-26,2883,凱基金,2026-07-23,TWSE_DAY40_END,TWSE_TRACK_CONFIRMED,64.02116402116403,40,上市法人40日追蹤期結束；不代表賣出,TRACK_ONLY
P6D-TWSE-2892-2026-05-26,2892,第一金,2026-07-23,TWSE_DAY40_END,TWSE_TRACK_CONFIRMED,82.01058201058201,40,上市法人40日追蹤期結束；不代表賣出,TRACK_ONLY
P6D-TWSE-1718-2026-07-24,1718,中纖,2026-07-24,TWSE_TRACK_CONFIRMED,TWSE_TRACK_CONFIRMED,94.44444444444444,0,上市法人排名連續3個交易日位於同日TWSE前10%，建立40日追蹤,TRACK_ONLY
P6D-TWSE-2395-2026-05-27,2395,研華,2026-07-24,TWSE_DAY40_END,TWSE_TRACK_CONFIRMED,98.67724867724867,40,上市法人40日追蹤期結束；不代表賣出,TRACK_ONLY
P6D-TWSE-2492-2026-05-27,2492,華新科,2026-07-24,TWSE_DAY40_END,TWSE_TRACK_CONFIRMED,91.7989417989418,40,上市法人40日追蹤期結束；不代表賣出,TRACK_ONLY
P6D-TWSE-3665-2026-05-27,3665,貿聯-KY,2026-07-24,TWSE_DAY40_END,TWSE_TRACK_CONFIRMED,66.4021164021164,40,上市法人40日追蹤期結束；不代表賣出,TRACK_ONLY
P6D-TWSE-6515-2026-07-24,6515,穎崴,2026-07-24,TWSE_TRACK_CONFIRMED,TWSE_TRACK_CONFIRMED,95.76719576719577,0,上市法人排名連續3個交易日位於同日TWSE前10%，建立40日追蹤,TRACK_ONLY
P6D-TWSE-9958-2026-07-24,9958,世紀鋼,2026-07-24,TWSE_TRACK_CONFIRMED,TWSE_TRACK_CONFIRMED,90.21164021164022,0,上市法人排名連續3個交易日位於同日TWSE前10%，建立40日追蹤,TRACK_ONLY
P6D-TWSE-1216-2026-07-27,1216,統一,2026-07-27,TWSE_TRACK_CONFIRMED,TWSE_TRACK_CONFIRMED,99.73262032085562,0,上市法人排名連續3個交易日位於同日TWSE前10%，建立40日追蹤,TRACK_ONLY
P6D-TWSE-2634-2026-07-27,2634,漢翔,2026-07-27,TWSE_TRACK_CONFIRMED,TWSE_TRACK_CONFIRMED,96.2566844919786,0,上市法人排名連續3個交易日位於同日TWSE前10%，建立40日追蹤,TRACK_ONLY
P6D-TWSE-8150-2026-07-27,8150,南茂,2026-07-27,TWSE_TRACK_CONFIRMED,TWSE_TRACK_CONFIRMED,91.44385026737967,0,上市法人排名連續3個交易日位於同日TWSE前10%，建立40日追蹤,TRACK_ONLY
P6D-TWSE-2357-2026-05-29,2357,華碩,2026-07-28,TWSE_DAY40_END,TWSE_TRACK_CONFIRMED,55.91397849462365,40,上市法人40日追蹤期結束；不代表賣出,TRACK_ONLY
P6D-TWSE-6789-2026-05-29,6789,采鈺,2026-07-28,TWSE_DAY40_END,TWSE_TRACK_CONFIRMED,79.3010752688172,40,上市法人40日追蹤期結束；不代表賣出,TRACK_ONLY
P6D-TWSE-2412-2026-06-01,2412,中華電,2026-07-29,TWSE_DAY40_END,TWSE_TRACK_CONFIRMED,50.673854447439346,40,上市法人40日追蹤期結束；不代表賣出,TRACK_ONLY
P6D-TWSE-3045-2026-06-01,3045,台灣大,2026-07-29,TWSE_DAY40_END,TWSE_TRACK_CONFIRMED,48.517520215633425,40,上市法人40日追蹤期結束；不代表賣出,TRACK_ONLY
P6D-TWSE-6415-2026-06-01,6415,矽力*-KY,2026-07-29,TWSE_DAY40_END,TWSE_TRACK_CONFIRMED,48.78706199460917,40,上市法人40日追蹤期結束；不代表賣出,TRACK_ONLY
P6D-TWSE-9910-2026-07-29,9910,豐泰,2026-07-29,TWSE_TRACK_CONFIRMED,TWSE_TRACK_CONFIRMED,98.92183288409704,0,上市法人排名連續3個交易日位於同日TWSE前10%，建立40日追蹤,TRACK_ONLY
P6D-TWSE-2605-2026-07-30,2605,新興,2026-07-30,TWSE_TRACK_CONFIRMED,TWSE_TRACK_CONFIRMED,92.6829268292683,0,上市法人排名連續3個交易日位於同日TWSE前10%，建立40日追蹤,TRACK_ONLY
P6D-TWSE-2882-2026-06-02,2882,國泰金,2026-07-30,TWSE_DAY40_END,TWSE_TRACK_CONFIRMED,82.38482384823848,40,上市法人40日追蹤期結束；不代表賣出,TRACK_ONLY
P6D-TWSE-8454-2026-07-30,8454,富邦媒,2026-07-30,TWSE_TRACK_CONFIRMED,TWSE_TRACK_CONFIRMED,91.59891598915989,0,上市法人排名連續3個交易日位於同日TWSE前10%，建立40日追蹤,TRACK_ONLY
P6D-TWSE-3005-2026-06-03,3005,神基,2026-07-31,TWSE_DAY40_END,TWSE_TRACK_CONFIRMED,80.60109289617486,40,上市法人40日追蹤期結束；不代表賣出,TRACK_ONLY
P6D-TWSE-3481-2026-06-03,3481,群創,2026-07-31,TWSE_DAY40_END,TWSE_TRACK_CONFIRMED,66.39344262295081,40,上市法人40日追蹤期結束；不代表賣出,TRACK_ONLY
P6D-TWSE-5871-2026-07-31,5871,中租-KY,2026-07-31,TWSE_TRACK_CONFIRMED,TWSE_TRACK_CONFIRMED,92.89617486338798,0,上市法人排名連續3個交易日位於同日TWSE前10%，建立40日追蹤,TRACK_ONLY
P6D-TWSE-1605-2026-06-04,1605,華新,2026-08-03,TWSE_DAY40_END,TWSE_TRACK_CONFIRMED,59.22865013774105,40,上市法人40日追蹤期結束；不代表賣出,TRACK_ONLY
P6D-TWSE-2377-2026-08-03,2377,微星,2026-08-03,TWSE_TRACK_CONFIRMED,TWSE_TRACK_CONFIRMED,92.8374655647383,0,上市法人排名連續3個交易日位於同日TWSE前10%，建立40日追蹤,TRACK_ONLY
P6D-TWSE-2409-2026-06-04,2409,友達,2026-08-03,TWSE_DAY40_END,TWSE_TRACK_CONFIRMED,73.55371900826447,40,上市法人40日追蹤期結束；不代表賣出,TRACK_ONLY
P6D-TWSE-2609-2026-06-04,2609,陽明,2026-08-03,TWSE_DAY40_END,TWSE_TRACK_CONFIRMED,54.54545454545454,40,上市法人40日追蹤期結束；不代表賣出,TRACK_ONLY
P6D-TWSE-1101-2026-06-05,1101,台泥,2026-08-04,TWSE_DAY40_END,TWSE_TRACK_CONFIRMED,61.06442577030813,40,上市法人40日追蹤期結束；不代表賣出,TRACK_ONLY
P6D-TWSE-2458-2026-08-04,2458,義隆,2026-08-04,TWSE_TRACK_CONFIRMED,TWSE_TRACK_CONFIRMED,96.07843137254902,0,上市法人排名連續3個交易日位於同日TWSE前10%，建立40日追蹤,TRACK_ONLY
P6D-TWSE-2478-2026-08-04,2478,大毅,2026-08-04,TWSE_TRACK_CONFIRMED,TWSE_TRACK_CONFIRMED,94.67787114845937,0,上市法人排名連續3個交易日位於同日TWSE前10%，建立40日追蹤,TRACK_ONLY
P6D-TWSE-2884-2026-08-04,2884,玉山金,2026-08-04,TWSE_TRACK_CONFIRMED,TWSE_TRACK_CONFIRMED,96.35854341736695,0,上市法人排名連續3個交易日位於同日TWSE前10%，建立40日追蹤,TRACK_ONLY
P6D-TWSE-6505-2026-08-04,6505,台塑化,2026-08-04,TWSE_TRACK_CONFIRMED,TWSE_TRACK_CONFIRMED,92.99719887955182,0,上市法人排名連續3個交易日位於同日TWSE前10%，建立40日追蹤,TRACK_ONLY
P6D-TWSE-2002-2026-06-08,2002,中鋼,2026-08-05,TWSE_DAY40_END,TWSE_TRACK_CONFIRMED,57.50708215297451,40,上市法人40日追蹤期結束；不代表賣出,TRACK_ONLY
P6D-TWSE-2606-2026-06-08,2606,裕民,2026-08-05,TWSE_DAY40_END,TWSE_TRACK_CONFIRMED,30.31161473087819,40,上市法人40日追蹤期結束；不代表賣出,TRACK_ONLY
P6D-TWSE-3036-2026-06-08,3036,文曄,2026-08-05,TWSE_DAY40_END,TWSE_TRACK_CONFIRMED,85.8356940509915,40,上市法人40日追蹤期結束；不代表賣出,TRACK_ONLY
P6D-TWSE-3450-2026-08-05,3450,聯鈞,2026-08-05,TWSE_TRACK_CONFIRMED,TWSE_TRACK_CONFIRMED,95.75070821529745,0,上市法人排名連續3個交易日位於同日TWSE前10%，建立40日追蹤,TRACK_ONLY
P6D-TWSE-6202-2026-06-08,6202,盛群,2026-08-05,TWSE_DAY40_END,TWSE_TRACK_CONFIRMED,30.02832861189802,40,上市法人40日追蹤期結束；不代表賣出,TRACK_ONLY
P6D-TWSE-6805-2026-08-05,6805,富世達,2026-08-05,TWSE_TRACK_CONFIRMED,TWSE_TRACK_CONFIRMED,94.61756373937678,0,上市法人排名連續3個交易日位於同日TWSE前10%，建立40日追蹤,TRACK_ONLY
P6D-TWSE-2324-2026-08-07,2324,仁寶,2026-08-07,TWSE_TRACK_CONFIRMED,TWSE_TRACK_CONFIRMED,90.54441260744986,0,上市法人排名連續3個交易日位於同日TWSE前10%，建立40日追蹤,TRACK_ONLY
P6D-TWSE-2330-2026-08-07,2330,台積電,2026-08-07,TWSE_TRACK_CONFIRMED,TWSE_TRACK_CONFIRMED,96.84813753581662,0,上市法人排名連續3個交易日位於同日TWSE前10%，建立40日追蹤,TRACK_ONLY
P6D-TWSE-6176-2026-06-10,6176,瑞儀,2026-08-07,TWSE_DAY40_END,TWSE_TRACK_CONFIRMED,64.18338108882521,40,上市法人40日追蹤期結束；不代表賣出,TRACK_ONLY
P6D-TWSE-6196-2026-06-10,6196,帆宣,2026-08-07,TWSE_DAY40_END,TWSE_TRACK_CONFIRMED,99.14040114613181,40,上市法人40日追蹤期結束；不代表賣出,TRACK_ONLY
P6D-TWSE-8926-2026-06-10,8926,台汽電,2026-08-07,TWSE_DAY40_END,TWSE_TRACK_CONFIRMED,51.862464183381086,40,上市法人40日追蹤期結束；不代表賣出,TRACK_ONLY
P6D-TWSE-9904-2026-08-07,9904,寶成,2026-08-07,TWSE_TRACK_CONFIRMED,TWSE_TRACK_CONFIRMED,96.56160458452722,0,上市法人排名連續3個交易日位於同日TWSE前10%，建立40日追蹤,TRACK_ONLY
P6D-TWSE-2637-2026-06-11,2637,慧洋-KY,2026-08-10,TWSE_DAY40_END,TWSE_TRACK_CONFIRMED,91.76470588235294,40,上市法人40日追蹤期結束；不代表賣出,TRACK_ONLY
P6D-TWSE-3231-2026-08-10,3231,緯創,2026-08-10,TWSE_TRACK_CONFIRMED,TWSE_TRACK_CONFIRMED,94.41176470588235,0,上市法人排名連續3個交易日位於同日TWSE前10%，建立40日追蹤,TRACK_ONLY
P6D-TWSE-1477-2026-08-11,1477,聚陽,2026-08-11,TWSE_TRACK_CONFIRMED,TWSE_TRACK_CONFIRMED,95.85798816568047,0,上市法人排名連續3個交易日位於同日TWSE前10%，建立40日追蹤,TRACK_ONLY
P6D-TWSE-2451-2026-06-12,2451,創見,2026-08-11,TWSE_DAY40_END,TWSE_TRACK_CONFIRMED,62.42603550295858,40,上市法人40日追蹤期結束；不代表賣出,TRACK_ONLY
P6D-TWSE-3443-2026-08-11,3443,創意,2026-08-11,TWSE_TRACK_CONFIRMED,TWSE_TRACK_CONFIRMED,99.40828402366864,0,上市法人排名連續3個交易日位於同日TWSE前10%，建立40日追蹤,TRACK_ONLY
P6D-TWSE-6412-2026-06-12,6412,群電,2026-08-11,TWSE_DAY40_END,TWSE_TRACK_CONFIRMED,,40,上市法人40日追蹤期結束；不代表賣出,TRACK_ONLY
P6D-TWSE-6757-2026-06-12,6757,台灣虎航,2026-08-11,TWSE_DAY40_END,TWSE_TRACK_CONFIRMED,,40,上市法人40日追蹤期結束；不代表賣出,TRACK_ONLY
P6D-TWSE-2352-2026-06-15,2352,佳世達,2026-08-12,TWSE_DAY40_END,TWSE_TRACK_CONFIRMED,42.857142857142854,40,上市法人40日追蹤期結束；不代表賣出,TRACK_ONLY
P6D-TWSE-4551-2026-08-12,4551,智伸科,2026-08-12,TWSE_TRACK_CONFIRMED,TWSE_TRACK_CONFIRMED,99.10714285714286,0,上市法人排名連續3個交易日位於同日TWSE前10%，建立40日追蹤,TRACK_ONLY
P6D-TWSE-2353-2026-08-13,2353,宏碁,2026-08-13,TWSE_TRACK_CONFIRMED,TWSE_TRACK_CONFIRMED,91.34328358208955,0,上市法人排名連續3個交易日位於同日TWSE前10%，建立40日追蹤,TRACK_ONLY
P6D-TWSE-2633-2026-08-13,2633,台灣高鐵,2026-08-13,TWSE_TRACK_CONFIRMED,TWSE_TRACK_CONFIRMED,100.0,0,上市法人排名連續3個交易日位於同日TWSE前10%，建立40日追蹤,TRACK_ONLY
P6D-TWSE-6446-2026-06-16,6446,藥華藥,2026-08-13,TWSE_DAY40_END,TWSE_TRACK_CONFIRMED,86.26865671641791,40,上市法人40日追蹤期結束；不代表賣出,TRACK_ONLY
P6D-TWSE-6531-2026-08-13,6531,愛普*,2026-08-13,TWSE_TRACK_CONFIRMED,TWSE_TRACK_CONFIRMED,97.31343283582089,0,上市法人排名連續3個交易日位於同日TWSE前10%，建立40日追蹤,TRACK_ONLY
P6D-TWSE-1476-2026-06-17,1476,儒鴻,2026-08-14,TWSE_DAY40_END,TWSE_TRACK_CONFIRMED,98.7987987987988,40,上市法人40日追蹤期結束；不代表賣出,TRACK_ONLY
P6D-TWSE-2382-2026-08-14,2382,廣達,2026-08-14,TWSE_TRACK_CONFIRMED,TWSE_TRACK_CONFIRMED,92.1921921921922,0,上市法人排名連續3個交易日位於同日TWSE前10%，建立40日追蹤,TRACK_ONLY
P6D-TWSE-3015-2026-06-17,3015,全漢,2026-08-14,TWSE_DAY40_END,TWSE_TRACK_CONFIRMED,,40,上市法人40日追蹤期結束；不代表賣出,TRACK_ONLY
P6D-TWSE-3702-2026-08-14,3702,大聯大,2026-08-14,TWSE_TRACK_CONFIRMED,TWSE_TRACK_CONFIRMED,95.1951951951952,0,上市法人排名連續3個交易日位於同日TWSE前10%，建立40日追蹤,TRACK_ONLY
P6D-TWSE-1504-2026-06-18,1504,東元,2026-08-17,TWSE_DAY40_END,TWSE_TRACK_CONFIRMED,30.513595166163142,40,上市法人40日追蹤期結束；不代表賣出,TRACK_ONLY
P6D-TWSE-2105-2026-08-17,2105,正新,2026-08-17,TWSE_TRACK_CONFIRMED,TWSE_TRACK_CONFIRMED,99.69788519637463,0,上市法人排名連續3個交易日位於同日TWSE前10%，建立40日追蹤,TRACK_ONLY
P6D-TWSE-2317-2026-06-18,2317,鴻海,2026-08-17,TWSE_DAY40_END,TWSE_TRACK_CONFIRMED,94.86404833836858,40,上市法人40日追蹤期結束；不代表賣出,TRACK_ONLY
P6D-TWSE-2371-2026-06-18,2371,大同,2026-08-17,TWSE_DAY40_END,TWSE_TRACK_CONFIRMED,35.34743202416919,40,上市法人40日追蹤期結束；不代表賣出,TRACK_ONLY
P6D-TWSE-2834-2026-08-17,2834,臺企銀,2026-08-17,TWSE_TRACK_CONFIRMED,TWSE_TRACK_CONFIRMED,96.37462235649546,0,上市法人排名連續3個交易日位於同日TWSE前10%，建立40日追蹤,TRACK_ONLY
P6D-TWSE-2885-2026-08-17,2885,元大金,2026-08-17,TWSE_TRACK_CONFIRMED,TWSE_TRACK_CONFIRMED,97.58308157099698,0,上市法人排名連續3個交易日位於同日TWSE前10%，建立40日追蹤,TRACK_ONLY
P6D-TWSE-2385-2026-08-18,2385,群光,2026-08-18,TWSE_TRACK_CONFIRMED,TWSE_TRACK_CONFIRMED,95.46827794561933,0,上市法人排名連續3個交易日位於同日TWSE前10%，建立40日追蹤,TRACK_ONLY
P6D-TWSE-2404-2026-06-22,2404,漢唐,2026-08-18,TWSE_DAY40_END,TWSE_TRACK_CONFIRMED,64.35045317220543,40,上市法人40日追蹤期結束；不代表賣出,TRACK_ONLY
P6D-TWSE-2207-2026-06-23,2207,和泰車,2026-08-19,TWSE_DAY40_END,TWSE_TRACK_CONFIRMED,79.51807228915662,40,上市法人40日追蹤期結束；不代表賣出,TRACK_ONLY
P6D-TWSE-2360-2026-08-19,2360,致茂,2026-08-19,TWSE_TRACK_CONFIRMED,TWSE_TRACK_CONFIRMED,93.67469879518072,0,上市法人排名連續3個交易日位於同日TWSE前10%，建立40日追蹤,TRACK_ONLY
P6D-TWSE-4938-2026-08-19,4938,和碩,2026-08-19,TWSE_TRACK_CONFIRMED,TWSE_TRACK_CONFIRMED,95.18072289156626,0,上市法人排名連續3個交易日位於同日TWSE前10%，建立40日追蹤,TRACK_ONLY
P6D-TWSE-6285-2026-06-23,6285,啟碁,2026-08-19,TWSE_DAY40_END,TWSE_TRACK_CONFIRMED,70.78313253012048,40,上市法人40日追蹤期結束；不代表賣出,TRACK_ONLY
P6D-TWSE-2059-2026-06-24,2059,川湖,2026-08-20,TWSE_DAY40_END,TWSE_TRACK_CONFIRMED,52.25225225225225,40,上市法人40日追蹤期結束；不代表賣出,TRACK_ONLY
P6D-TWSE-3008-2026-06-24,3008,大立光,2026-08-20,TWSE_DAY40_END,TWSE_TRACK_CONFIRMED,89.7897897897898,40,上市法人40日追蹤期結束；不代表賣出,TRACK_ONLY
P6D-TWSE-3044-2026-06-24,3044,健鼎,2026-08-20,TWSE_DAY40_END,TWSE_TRACK_CONFIRMED,96.996996996997,40,上市法人40日追蹤期結束；不代表賣出,TRACK_ONLY
P6D-TWSE-5880-2026-06-24,5880,合庫金,2026-08-20,TWSE_DAY40_END,TWSE_TRACK_CONFIRMED,93.09309309309309,40,上市法人40日追蹤期結束；不代表賣出,TRACK_ONLY
P6D-TWSE-6239-2026-06-24,6239,力成,2026-08-20,TWSE_DAY40_END,TWSE_TRACK_CONFIRMED,60.96096096096096,40,上市法人40日追蹤期結束；不代表賣出,TRACK_ONLY
P6D-TWSE-1402-2026-08-21,1402,遠東新,2026-08-21,TWSE_TRACK_CONFIRMED,TWSE_TRACK_CONFIRMED,93.93939393939394,0,上市法人排名連續3個交易日位於同日TWSE前10%，建立40日追蹤,TRACK_ONLY
P6D-TWSE-2376-2026-08-21,2376,技嘉,2026-08-21,TWSE_TRACK_CONFIRMED,TWSE_TRACK_CONFIRMED,91.21212121212122,0,上市法人排名連續3個交易日位於同日TWSE前10%，建立40日追蹤,TRACK_ONLY
P6D-TWSE-2474-2026-06-25,2474,可成,2026-08-21,TWSE_DAY40_END,TWSE_TRACK_CONFIRMED,76.06060606060606,40,上市法人40日追蹤期結束；不代表賣出,TRACK_ONLY
P6D-TWSE-3189-2026-08-21,3189,景碩,2026-08-21,TWSE_TRACK_CONFIRMED,TWSE_TRACK_CONFIRMED,93.63636363636364,0,上市法人排名連續3個交易日位於同日TWSE前10%，建立40日追蹤,TRACK_ONLY
P6D-TWSE-3711-2026-08-21,3711,日月光投控,2026-08-21,TWSE_TRACK_CONFIRMED,TWSE_TRACK_CONFIRMED,94.24242424242424,0,上市法人排名連續3個交易日位於同日TWSE前10%，建立40日追蹤,TRACK_ONLY
P6D-TWSE-2603-2026-08-24,2603,長榮,2026-08-24,TWSE_TRACK_CONFIRMED,TWSE_TRACK_CONFIRMED,93.65558912386706,0,上市法人排名連續3個交易日位於同日TWSE前10%，建立40日追蹤,TRACK_ONLY
P6D-TWSE-3014-2026-06-26,3014,聯陽,2026-08-24,TWSE_DAY40_END,TWSE_TRACK_CONFIRMED,52.87009063444109,40,上市法人40日追蹤期結束；不代表賣出,TRACK_ONLY
P6D-TWSE-1102-2026-06-30,1102,亞泥,2026-08-26,TWSE_DAY40_END,TWSE_TRACK_CONFIRMED,77.60736196319019,40,上市法人40日追蹤期結束；不代表賣出,TRACK_ONLY
P6D-TWSE-2408-2026-08-26,2408,南亞科,2026-08-26,TWSE_TRACK_CONFIRMED,TWSE_TRACK_CONFIRMED,97.85276073619632,0,上市法人排名連續3個交易日位於同日TWSE前10%，建立40日追蹤,TRACK_ONLY
P6D-TWSE-2542-2026-08-26,2542,興富發,2026-08-26,TWSE_TRACK_CONFIRMED,TWSE_TRACK_CONFIRMED,96.62576687116564,0,上市法人排名連續3個交易日位於同日TWSE前10%，建立40日追蹤,TRACK_ONLY
P6D-TWSE-2610-2026-07-01,2610,華航,2026-08-27,TWSE_DAY40_END,TWSE_TRACK_CONFIRMED,98.76923076923076,40,上市法人40日追蹤期結束；不代表賣出,TRACK_ONLY
P6D-TWSE-3017-2026-08-27,3017,奇鋐,2026-08-27,TWSE_TRACK_CONFIRMED,TWSE_TRACK_CONFIRMED,93.84615384615384,0,上市法人排名連續3個交易日位於同日TWSE前10%，建立40日追蹤,TRACK_ONLY
P6D-TWSE-1303-2026-08-28,1303,南亞,2026-08-28,TWSE_TRACK_CONFIRMED,TWSE_TRACK_CONFIRMED,93.82716049382715,0,上市法人排名連續3個交易日位於同日TWSE前10%，建立40日追蹤,TRACK_ONLY
P6D-TWSE-2313-2026-08-28,2313,華通,2026-08-28,TWSE_TRACK_CONFIRMED,TWSE_TRACK_CONFIRMED,91.0493827160494,0,上市法人排名連續3個交易日位於同日TWSE前10%，建立40日追蹤,TRACK_ONLY
P6D-TWSE-2855-2026-08-28,2855,統一證,2026-08-28,TWSE_TRACK_CONFIRMED,TWSE_TRACK_CONFIRMED,92.5925925925926,0,上市法人排名連續3個交易日位於同日TWSE前10%，建立40日追蹤,TRACK_ONLY
P6D-TWSE-1210-2026-07-03,1210,大成,2026-08-31,TWSE_DAY40_END,TWSE_TRACK_CONFIRMED,60.0,40,上市法人40日追蹤期結束；不代表賣出,TRACK_ONLY
P6D-TWSE-2383-2026-09-01,2383,台光電,2026-09-01,TWSE_TRACK_CONFIRMED,TWSE_TRACK_CONFIRMED,95.38461538461539,0,上市法人排名連續3個交易日位於同日TWSE前10%，建立40日追蹤,TRACK_ONLY
P6D-TWSE-2887-2026-09-01,2887,台新新光金,2026-09-01,TWSE_TRACK_CONFIRMED,TWSE_TRACK_CONFIRMED,92.92307692307692,0,上市法人排名連續3個交易日位於同日TWSE前10%，建立40日追蹤,TRACK_ONLY
P6D-TWSE-6831-2026-07-06,6831,邁科,2026-09-01,TWSE_DAY40_END,TWSE_TRACK_CONFIRMED,56.92307692307692,40,上市法人40日追蹤期結束；不代表賣出,TRACK_ONLY
P6D-TWSE-2618-2026-09-02,2618,長榮航,2026-09-02,TWSE_TRACK_CONFIRMED,TWSE_TRACK_CONFIRMED,95.6386292834891,0,上市法人排名連續3個交易日位於同日TWSE前10%，建立40日追蹤,TRACK_ONLY
P6D-TWSE-6282-2026-07-07,6282,康舒,2026-09-02,TWSE_DAY40_END,TWSE_TRACK_CONFIRMED,42.99065420560748,40,上市法人40日追蹤期結束；不代表賣出,TRACK_ONLY
P6D-TWSE-8996-2026-09-02,8996,高力,2026-09-02,TWSE_TRACK_CONFIRMED,TWSE_TRACK_CONFIRMED,99.68847352024922,0,上市法人排名連續3個交易日位於同日TWSE前10%，建立40日追蹤,TRACK_ONLY
P6D-TWSE-2006-2026-07-08,2006,東和鋼鐵,2026-09-03,TWSE_DAY40_END,TWSE_TRACK_CONFIRMED,65.51724137931035,40,上市法人40日追蹤期結束；不代表賣出,TRACK_ONLY
P6D-TWSE-2347-2026-07-08,2347,聯強,2026-09-03,TWSE_DAY40_END,TWSE_TRACK_CONFIRMED,82.75862068965517,40,上市法人40日追蹤期結束；不代表賣出,TRACK_ONLY
P6D-TWSE-3037-2026-07-08,3037,欣興,2026-09-03,TWSE_DAY40_END,TWSE_TRACK_CONFIRMED,71.15987460815047,40,上市法人40日追蹤期結束；不代表賣出,TRACK_ONLY
P6D-TWSE-2308-2026-09-04,2308,台達電,2026-09-04,TWSE_TRACK_CONFIRMED,TWSE_TRACK_CONFIRMED,96.19047619047619,0,上市法人排名連續3個交易日位於同日TWSE前10%，建立40日追蹤,TRACK_ONLY
P6D-TWSE-6271-2026-07-09,6271,同欣電,2026-09-04,TWSE_DAY40_END,TWSE_TRACK_CONFIRMED,39.36507936507937,40,上市法人40日追蹤期結束；不代表賣出,TRACK_ONLY
P6D-TWSE-7769-2026-09-04,7769,鴻勁,2026-09-04,TWSE_TRACK_CONFIRMED,TWSE_TRACK_CONFIRMED,93.96825396825396,0,上市法人排名連續3個交易日位於同日TWSE前10%，建立40日追蹤,TRACK_ONLY
P6D-TWSE-8081-2026-07-09,8081,致新,2026-09-04,TWSE_DAY40_END,TWSE_TRACK_CONFIRMED,68.88888888888889,40,上市法人40日追蹤期結束；不代表賣出,TRACK_ONLY
P6D-TWSE-6257-2026-07-13,6257,矽格,2026-09-07,TWSE_DAY40_END,TWSE_TRACK_CONFIRMED,78.6624203821656,40,上市法人40日追蹤期結束；不代表賣出,TRACK_ONLY
P6D-TWSE-6669-2026-09-07,6669,緯穎,2026-09-07,TWSE_TRACK_CONFIRMED,TWSE_TRACK_CONFIRMED,96.17834394904459,0,上市法人排名連續3個交易日位於同日TWSE前10%，建立40日追蹤,TRACK_ONLY
P6D-TWSE-2337-2026-07-14,2337,旺宏,2026-09-08,TWSE_DAY40_END,TWSE_TRACK_CONFIRMED,54.6031746031746,40,上市法人40日追蹤期結束；不代表賣出,TRACK_ONLY
P6D-TWSE-2890-2026-07-15,2890,永豐金,2026-09-09,TWSE_DAY40_END,TWSE_TRACK_CONFIRMED,67.51592356687898,40,上市法人40日追蹤期結束；不代表賣出,TRACK_ONLY
P6D-TWSE-5876-2026-07-15,5876,上海商銀,2026-09-09,TWSE_DAY40_END,TWSE_TRACK_CONFIRMED,82.80254777070064,40,上市法人40日追蹤期結束；不代表賣出,TRACK_ONLY
P6D-TWSE-2883-2026-09-10,2883,凱基金,2026-09-10,TWSE_TRACK_CONFIRMED,TWSE_TRACK_CONFIRMED,92.01277955271566,0,上市法人排名連續3個交易日位於同日TWSE前10%，建立40日追蹤,TRACK_ONLY
P6D-TWSE-8016-2026-07-16,8016,矽創,2026-09-10,TWSE_DAY40_END,TWSE_TRACK_CONFIRMED,67.0926517571885,40,上市法人40日追蹤期結束；不代表賣出,TRACK_ONLY
P6D-TWSE-8112-2026-09-10,8112,至上,2026-09-10,TWSE_TRACK_CONFIRMED,TWSE_TRACK_CONFIRMED,92.97124600638978,0,上市法人排名連續3個交易日位於同日TWSE前10%，建立40日追蹤,TRACK_ONLY
P6D-TWSE-1326-2026-07-17,1326,台化,2026-09-11,TWSE_DAY40_END,TWSE_TRACK_CONFIRMED,45.83333333333333,40,上市法人40日追蹤期結束；不代表賣出,TRACK_ONLY
P6D-TWSE-2301-2026-09-11,2301,光寶科,2026-09-11,TWSE_TRACK_CONFIRMED,TWSE_TRACK_CONFIRMED,98.07692307692307,0,上市法人排名連續3個交易日位於同日TWSE前10%，建立40日追蹤,TRACK_ONLY
P6D-TWSE-2303-2026-09-11,2303,聯電,2026-09-11,TWSE_TRACK_CONFIRMED,TWSE_TRACK_CONFIRMED,92.62820512820514,0,上市法人排名連續3個交易日位於同日TWSE前10%，建立40日追蹤,TRACK_ONLY
P6D-TWSE-2379-2026-07-17,2379,瑞昱,2026-09-11,TWSE_DAY40_END,TWSE_TRACK_CONFIRMED,75.32051282051282,40,上市法人40日追蹤期結束；不代表賣出,TRACK_ONLY
P6D-TWSE-2441-2026-07-17,2441,超豐,2026-09-11,TWSE_DAY40_END,TWSE_TRACK_CONFIRMED,82.6923076923077,40,上市法人40日追蹤期結束；不代表賣出,TRACK_ONLY
P6D-TWSE-4919-2026-07-17,4919,新唐,2026-09-11,TWSE_DAY40_END,TWSE_TRACK_CONFIRMED,37.5,40,上市法人40日追蹤期結束；不代表賣出,TRACK_ONLY
P6D-TWSE-1590-2026-07-20,1590,亞德客-KY,2026-09-14,TWSE_DAY40_END,TWSE_TRACK_CONFIRMED,51.465798045602604,40,上市法人40日追蹤期結束；不代表賣出,TRACK_ONLY
P6D-TWSE-2637-2026-09-14,2637,慧洋-KY,2026-09-14,TWSE_TRACK_CONFIRMED,TWSE_TRACK_CONFIRMED,96.41693811074919,0,上市法人排名連續3個交易日位於同日TWSE前10%，建立40日追蹤,TRACK_ONLY
P6D-TWSE-6213-2026-07-20,6213,聯茂,2026-09-14,TWSE_DAY40_END,TWSE_TRACK_CONFIRMED,87.94788273615634,40,上市法人40日追蹤期結束；不代表賣出,TRACK_ONLY
P6D-TWSE-6409-2026-09-14,6409,旭隼,2026-09-14,TWSE_TRACK_CONFIRMED,TWSE_TRACK_CONFIRMED,90.22801302931596,0,上市法人排名連續3個交易日位於同日TWSE前10%，建立40日追蹤,TRACK_ONLY
P6D-TWSE-2449-2026-07-21,2449,京元電子,2026-09-15,TWSE_DAY40_END,TWSE_TRACK_CONFIRMED,82.62295081967214,40,上市法人40日追蹤期結束；不代表賣出,TRACK_ONLY
P6D-TWSE-2880-2026-07-21,2880,華南金,2026-09-15,TWSE_DAY40_END,TWSE_TRACK_CONFIRMED,43.9344262295082,40,上市法人40日追蹤期結束；不代表賣出,TRACK_ONLY
P6D-TWSE-2912-2026-07-21,2912,統一超,2026-09-15,TWSE_DAY40_END,TWSE_TRACK_CONFIRMED,68.1967213114754,40,上市法人40日追蹤期結束；不代表賣出,TRACK_ONLY
P6D-TWSE-6278-2026-09-15,6278,台表科,2026-09-15,TWSE_TRACK_CONFIRMED,TWSE_TRACK_CONFIRMED,92.1311475409836,0,上市法人排名連續3個交易日位於同日TWSE前10%，建立40日追蹤,TRACK_ONLY
P6D-TWSE-4763-2026-09-17,4763,材料*-KY,2026-09-17,TWSE_TRACK_CONFIRMED,TWSE_TRACK_CONFIRMED,97.04918032786885,0,上市法人排名連續3個交易日位於同日TWSE前10%，建立40日追蹤,TRACK_ONLY
P6D-TWSE-1718-2026-07-24,1718,中纖,2026-09-18,TWSE_DAY40_END,TWSE_TRACK_CONFIRMED,2.272727272727273,40,上市法人40日追蹤期結束；不代表賣出,TRACK_ONLY
P6D-TWSE-2357-2026-09-18,2357,華碩,2026-09-18,TWSE_TRACK_CONFIRMED,TWSE_TRACK_CONFIRMED,94.48051948051948,0,上市法人排名連續3個交易日位於同日TWSE前10%，建立40日追蹤,TRACK_ONLY
P6D-TWSE-6515-2026-07-24,6515,穎崴,2026-09-18,TWSE_DAY40_END,TWSE_TRACK_CONFIRMED,78.57142857142857,40,上市法人40日追蹤期結束；不代表賣出,TRACK_ONLY
P6D-TWSE-8926-2026-09-18,8926,台汽電,2026-09-18,TWSE_TRACK_CONFIRMED,TWSE_TRACK_CONFIRMED,94.8051948051948,0,上市法人排名連續3個交易日位於同日TWSE前10%，建立40日追蹤,TRACK_ONLY
P6D-TWSE-9958-2026-07-24,9958,世紀鋼,2026-09-18,TWSE_DAY40_END,TWSE_TRACK_CONFIRMED,6.493506493506493,40,上市法人40日追蹤期結束；不代表賣出,TRACK_ONLY
P6D-TWSE-1216-2026-07-27,1216,統一,2026-09-21,TWSE_DAY40_END,TWSE_TRACK_CONFIRMED,67.20779220779221,40,上市法人40日追蹤期結束；不代表賣出,TRACK_ONLY
P6D-TWSE-2634-2026-07-27,2634,漢翔,2026-09-21,TWSE_DAY40_END,TWSE_TRACK_CONFIRMED,43.83116883116883,40,上市法人40日追蹤期結束；不代表賣出,TRACK_ONLY
P6D-TWSE-8150-2026-07-27,8150,南茂,2026-09-21,TWSE_DAY40_END,TWSE_TRACK_CONFIRMED,63.961038961038966,40,上市法人40日追蹤期結束；不代表賣出,TRACK_ONLY
