stock_id,stock_name,listing_date
1240,茂生農經,2018-08-08
1259,安心,2011-12-15
1264,德麥,2015-04-09
1268,漢來美食,2017-09-27
1294,漢田生技,2024-09-26
1295,生合,2025-05-27
1336,台翰,2007-11-02
1565,精華,2004-03-30
1569,濱川,2005-07-29
1570,力肯,2005-06-30
1580,新麥,2007-12-10
1584,精剛,2007-11-28
1586,和勤,2012-01-09
1591,駿吉-KY,2012-03-23
1593,祺驊,2012-06-13
1595,川寶,2011-10-04
1599,宏佳騰,2012-12-25
1742,台蠟,2004-05-14
1777,生泰,2005-10-19
1780,立弘,2026-06-17
1781,合世,2004-12-24
1784,訊聯,2007-07-26
1785,光洋科,2005-01-31
1788,杏昌,2009-07-20
1796,金穎生技,2018-01-22
1799,易威,2008-11-10
1813,寶利徠,2009-08-04
1815,富喬,2006-01-23
2035,唐榮公司,2006-07-07
2061,風青,2010-12-09
2063,世鎧精密,2010-09-07
2064,晉椿,2014-12-26
2065,世豐,2017-04-21
2066,世德,2013-09-24
2067,嘉鋼,2014-05-26
2070,精湛,2018-12-17
2073,雄順,2023-06-21
2221,大甲,2007-08-01
2230,泰茂,2013-04-18
2235,謚源,2014-12-15
2596,綠意,2009-06-01
2640,大車隊,2012-11-07
2641,正德,2014-10-09
2643,捷迅,2016-03-04
2718,全心投控,2011-03-29
2719,燦星旅,2012-02-24
2724,藝舍-KY,2012-05-29
2726,雅茗-KY,2014-12-24
2729,瓦城,2012-09-17
2732,六角,2015-01-20
2734,易飛網,2013-12-26
2736,富野,2016-01-06
2740,華軒,2015-12-24
2743,山富,2020-03-09
2745,五福,2018-04-16
2751,王座,2024-09-10
2752,豆府,2019-09-25
2754,亞洲藏壽司,2020-09-17
2755,揚秦,2020-12-16
2756,聯發國際,2022-01-14
2916,滿心,2005-03-10
2924,宏太-KY,2011-12-02
2926,誠品生活,2013-01-30
2937,集雅社,2017-06-08
2941,米斯特,2024-03-20
2947,振宇五金,2021-10-06
2948,寶陞,2023-12-12
2949,欣新網,2023-12-15
3064,泰偉,2004-06-09
3066,李洲,2004-12-02
3067,全域,2003-10-21
3071,協禧,2004-12-30
3073,天方能源,2007-10-08
3078,僑威,2005-01-31
3081,聯亞,2015-07-22
3083,網龍,2003-12-02
3085,新零售,2004-03-01
3086,華義*,2004-03-29
3088,艾訊,2005-04-28
3093,港建*,2005-06-17
3095,及成,2005-05-26
3105,穩懋,2011-12-13
3114,好德,2004-03-25
3115,富榮綱,2005-04-08
3118,進階,2008-05-21
3122,笙泉,2015-01-26
3128,昇銳,2006-09-04
3131,弘塑,2011-01-17
3141,晶宏,2014-03-14
3147,大綜,2018-05-29
3152,璟德,2008-03-24
3158,嘉實,2025-11-17
3162,精確,2005-10-03
3163,波若威,2012-12-03
3169,亞信,2009-11-24
3171,炎洲流通,2004-09-17
3176,基亞,2011-11-23
3178,公準,2018-11-19
3188,鑫龍騰,2004-03-17
3191,雲嘉南,2005-04-12
3205,佰研,2005-09-12
3206,志豐,2007-02-08
3207,耀勝,2004-11-04
3211,順達,2004-11-08
3213,茂訊,2004-10-01
3217,優群,2004-04-30
3218,大學光,2004-11-29
3219,倚強科,2004-03-19
3221,台嘉碩,2006-02-22
3224,三顧,2004-06-03
3226,龍鋒,2004-06-16
3227,原相,2006-05-04
3228,金麗科,2005-03-02
3230,錦明,2006-09-25
3232,昱捷,2004-11-01
3234,光環,2011-03-24
3236,千如,2004-12-02
3252,海灣,2004-09-23
3259,鑫創,2007-12-24
3260,威剛,2004-10-08
3264,欣銓,2005-01-05
3265,台星科,2005-08-02
3268,海德威,2005-01-27
3272,東碩,2014-08-26
3276,宇環,2005-01-12
3284,太普高,2005-03-22
3285,微端,2012-07-23
3287,廣寰科,2008-01-28
3288,點晶,2005-04-15
3289,宜特,2004-12-28
3290,東浦,2005-05-19
3293,鈊象,2006-07-12
3294,英濟,2007-04-27
3297,杭特,2005-06-07
3303,岱稜,2007-05-28
3306,鼎天,2005-07-05
3310,佳穎,2008-06-27
3313,斐成,2006-05-29
3317,尼克森,2007-08-09
3322,建舜電,2009-05-20
3323,加百裕,2007-06-25
3324,雙鴻,2005-05-13
3325,旭品,2005-08-15
3332,幸康,2008-01-24
3339,泰谷,2006-06-27
3349,寶德,2022-03-23
3354,律勝,2005-12-08
3357,臺慶科,2021-04-27
3360,尚立,2006-06-06
3362,先進光,2005-09-06
3363,上詮,2011-02-25
3372,典範,2005-12-16
3373,熱映,2007-12-13
3374,精材,2015-03-30
3379,彬台,2011-10-20
3388,崇越電,2006-02-22
3390,旭軟,2006-02-22
3402,漢科,2007-01-09
3430,奇鈦科,2022-09-08
3434,哲固,2008-01-28
3438,類比科,2006-07-19
3441,聯一光電,2010-10-04
3444,利機,2008-09-26
3455,由田,2007-12-27
3465,進泰電子,2008-01-28
3466,德晉,2006-05-17
3467,台灣精材,2025-03-25
3479,安勤,2010-06-08
3483,力致,2006-12-18
3484,崧騰,2007-11-09
3485,敘豐,2026-05-06
3489,森寶,2007-09-29
3490,單井,2007-10-15
3491,昇達科,2008-01-03
3492,長盛,2015-05-18
3498,陽程,2007-09-11
3499,環天科,2006-10-19
3508,位速,2007-10-17
3511,矽瑪,2009-02-16
3512,皇龍,2007-07-25
3516,亞帝歐,2007-11-29
3520,華盈,2007-10-12
3521,台鋼建設,2007-08-07
3522,御嵿,2007-10-15
3523,迎輝,2007-11-16
3526,凡甲,2007-11-02
3527,聚積,2007-10-29
3529,力旺,2011-01-24
3531,先益,2008-04-08
3537,堡達,2010-01-25
3540,曜越,2007-12-12
3541,西柏,2009-12-22
3546,宇峻,2008-04-18
3548,兆利,2008-03-27
3551,世禾,2008-04-15
3552,同致,2009-01-07
3555,博士旺,2011-11-08
3556,禾瑞亞,2008-04-15
3558,神準,2013-12-30
3564,其陽,2013-12-03
3567,逸昌,2010-11-22
3570,大塚,2008-10-23
3577,泓格,2009-01-06
3580,友威科,2010-07-09
3581,博磊,2015-01-20
3587,閎康,2009-08-18
3594,磐儀,2013-05-07
3597,映興,2020-03-09
3609,三一東林,2011-01-11
3611,鼎翰,2008-11-26
3615,安可,2009-04-15
3623,富晶通,2010-04-28
3624,光頡,2011-03-16
3625,西勝,2009-10-28
3628,盈正,2010-09-09
3629,地心引力,2010-05-27
3630,新鉅科,2010-04-26
3631,晟楠,2010-12-20
3632,研勤,2011-01-11
3646,艾恩特,2012-03-27
3663,鑫科,2012-11-20
3664,安瑞-KY,2010-06-24
3666,光耀,2014-12-04
3672,康聯訊,2015-04-20
3675,德微,2012-06-29
3680,家登,2011-08-31
3684,榮昌,2014-03-28
3685,元創精密,2010-12-08
3687,歐買尬,2011-01-11
3689,湧德,2012-10-18
3691,碩禾,2010-11-18
3693,營邦,2013-11-27
3707,漢磊,2014-10-01
3709,鑫聯大投控,2017-09-01
3710,連展投控,2017-12-29
3713,新晶投控,2020-02-27
4102,永日,2001-03-20
4105,東洋,2001-09-27
4107,邦特,2002-03-04
4109,加捷生醫,2002-08-08
4111,濟生,1999-03-06
4113,聯上,2003-07-22
4114,健喬,2003-05-12
4116,明基醫,2015-12-16
4120,友華,2003-11-05
4121,優盛,2003-07-25
4123,晟德,2003-10-07
4126,太醫,2004-02-09
4127,天良,2005-07-29
4128,中天,2006-06-09
4129,聯合,2004-09-29
4130,健亞,2012-01-12
4131,浩泰,2004-04-09
4138,曜亞,2010-12-29
4139,馬光-KY,2011-04-29
4147,中裕,2015-11-23
4153,鈺緯,2013-05-23
4154,樂威科-KY,2011-12-28
4157,太景*-KY,2014-01-17
4160,訊聯基因,2012-09-17
4161,聿新科,2013-06-26
4162,智擎,2012-09-18
4163,鐿鈦,2012-11-15
4166,友霖,2025-08-21
4167,松瑞藥,2015-09-08
4168,醣聯,2012-12-18
4171,瑞基,2014-08-14
4173,久裕,2013-10-31
4174,浩鼎,2015-03-23
4175,杏一,2014-04-23
4183,福永生技,2017-03-09
4188,安克,2015-03-24
4192,杏國,2014-10-28
4198,欣大健康,2014-12-23
4205,中華食,1999-01-31
4207,環泰,2000-01-21
4303,信立,1999-03-10
4304,勝昱,2000-01-27
4305,世坤,2000-09-28
4401,東隆興,1996-05-09
4402,郡都開發,1997-07-23
4406,新昕纖,1999-01-14
4413,飛寶企業,1999-07-29
4416,三圓,2000-05-06
4417,金洲,2000-11-07
4419,皇家美食,2001-06-26
4420,光明,2002-04-18
4430,耀億,2011-06-09
4432,銘旺實,2012-11-26
4433,興采,2014-11-03
4442,竣邦-KY,2023-11-29
4502,健信,1995-12-12
4503,金雨,1996-12-19
4506,崇友,1997-12-06
4510,高鋒,1998-02-24
4513,福裕,1998-03-25
4523,永彰,1999-11-22
4527,方方土霖,2000-09-28
4528,江興鍛,2001-02-12
4529,淳紳,2001-05-04
4530,天意能創,2001-04-30
4533,協易機,2002-04-26
4534,慶騰,2003-03-31
4535,至興,2003-04-16
4538,大詠城,2019-01-15
4541,晟田,2014-07-22
4542,科嶠,2014-08-25
4543,萬在,2016-03-15
4549,桓達,2014-11-27
4550,長佳,2015-03-18
4554,橙的,2016-08-05
4556,旭然,2015-12-22
4558,寶緯,2022-03-17
4561,健椿,2018-06-11
4563,百德,2018-07-12
4568,科際精密,2018-10-03
4577,達航科技,2022-06-14
4580,捷流閥業,2020-01-06
4584,君帆,2022-10-05
4609,唐鋒,2000-05-19
4702,中美實,1995-04-21
4706,大恭,1998-04-17
4707,磐亞,1998-05-20
4711,永純,1999-02-24
4714,永捷,2000-03-27
4716,大立,2000-03-27
4721,美琪瑪,2001-03-09
4726,永昕,2013-12-25
4728,雙美,2012-01-10
4729,熒茂,2009-02-24
4735,豪展,2011-08-16
4741,泓瀚,2017-09-26
4743,合一,2011-09-23
4744,皇將,2018-07-12
4745,合富-KY,2013-01-30
4747,強生製藥,2013-12-25
4749,新應材,2025-01-17
4754,國碳科,2016-09-28
4760,勤凱科技,2019-03-21
4767,誠泰科技,2018-10-29
4768,晶呈科技,2022-04-13
4772,台特化,2024-09-20
4804,大略-KY,2015-12-04
4806,桂田文創,2016-03-09
4903,聯光通,2001-05-14
4905,台聯電,2001-12-07
4907,富宇,2002-03-04
4908,前鼎,2002-02-27
4909,新復興,2002-11-28
4911,德英,2011-03-21
4923,力士,2022-03-14
4924,欣厚-KY,2011-10-18
4931,新盛力,2019-09-17
4933,友輝,2011-07-29
4939,亞電,2011-09-19
4946,辣椒,2011-06-10
4950,金耘國際,2012-04-27
4951,精拓科,2022-11-03
4953,緯致,2014-01-08
4966,譜瑞-KY,2011-09-13
4971,IET-KY,2013-07-24
4972,湯石照明,2013-06-17
4973,廣穎電通,2012-06-19
4974,亞泰,2011-11-29
4979,華星光,2011-12-12
4991,環宇-KY,2014-09-15
4995,晶達,2012-05-09
5009,榮剛,1998-10-17
5011,久陽,1999-05-06
5013,強新,2000-05-08
5014,建錩,2001-02-15
5015,華祺,2000-12-15
5016,松和,2001-03-05
5201,凱衛,2000-10-12
5202,力新,2000-10-18
5205,中茂,2001-05-14
5206,坤悅,2001-10-08
5209,新鼎,2002-02-25
5210,寶碩,2002-04-25
5211,蒙恬,2002-12-23
5212,凌網,2003-03-24
5213,亞昕,2003-04-24
5220,萬達光電,2018-04-26
5223,安力-KY,2018-07-02
5227,立凱-KY,2013-12-09
5228,鈺鎧,2022-05-20
5230,雷笛克光學,2012-06-05
5245,智晶,2015-05-25
5251,天鉞電,2012-11-26
5263,智崴,2012-12-18
5272,笙科,2013-05-30
5274,信驊,2013-04-30
5276,達輝-KY,2014-06-12
5278,尚凡*,2013-06-04
5287,數字,2014-01-20
5289,宜鼎,2013-11-27
5291,邑昇,2014-12-23
5299,杰力,2018-01-23
5301,寶得利,1990-06-25
5302,太欣,1991-01-17
5309,系統電,1996-03-18
5310,天剛,1996-04-09
5312,寶島科,1996-05-25
5314,世紀*,1996-09-16
5315,光聯,1996-11-02
5321,美而快,1996-12-30
5324,士開,1997-01-30
5328,華容,1997-08-28
5340,建榮,1998-01-20
5344,立衛,1998-03-23
5345,馥鴻,1998-03-23
5347,世界,1998-03-25
5348,正能量智能,1998-04-29
5351,鈺創,1998-05-15
5353,台林,1998-05-18
5355,佳總,1998-06-23
5356,協益,1998-07-20
5364,力麗店,1998-12-07
5371,中光電,1999-01-20
5381,光譜,1999-03-19
5386,青雲,1999-05-13
5392,能率,1999-06-14
5398,慕康生醫,1999-10-11
5403,中菲,1999-10-15
5410,國眾,1999-11-26
5425,台半,2000-02-21
5426,振發,2000-02-09
5432,新門,2000-03-21
5438,東友,2000-06-17
5439,高技,2000-06-26
5443,均豪,1998-02-09
5450,南良,2000-08-22
5452,佶優,2000-10-02
5455,昇益,2000-10-19
5457,宣德,2000-09-29
5460,同協,2000-09-28
5464,霖宏,2000-11-08
5465,富驊,2000-11-08
5468,凱鈺,2001-01-17
5474,聰泰,2001-03-20
5475,德宏,2001-01-16
5478,智冠,2001-03-29
5481,新華,2001-04-27
5483,中美晶,2001-03-02
5487,通泰,2001-02-20
5488,松普,2001-03-12
5489,彩富,2001-03-12
5490,同亨,2001-05-14
5493,三聯,2001-05-03
5498,凱崴,2001-03-29
5508,永信建,1998-05-13
5511,德昌,1998-12-09
5512,力麒,1998-12-04
5514,三豐,1998-12-29
5516,雙喜,1999-03-23
5520,力泰,1999-10-27
5523,豐謙,1999-12-27
5529,鉅陞,1996-01-12
5530,龍巖,2000-10-04
5536,聖暉*,2010-11-10
5543,桓鼎-KY,2016-05-09
5547,久舜,2026-02-03
5548,安倉,2024-03-18
5601,台聯櫃,1994-11-24
5603,陸海,1997-01-25
5604,中連,1997-05-22
5609,中菲行,2001-10-15
5701,劍湖山,1998-03-12
5703,亞都麗緻,1999-06-15
5704,老爺知,1999-12-21
5864,致和證,2018-04-02
5878,台名,2014-10-28
5902,德記,1998-02-07
5903,全家,2002-02-25
5904,寶雅,2002-09-06
5905,南仁湖,2003-06-17
6015,宏遠證,1996-07-25
6016,康和證,1996-12-04
6020,大展證,2003-01-23
6021,美好證,2003-04-21
6023,元大期貨,2007-11-28
6026,福邦證,2016-01-27
6028,公勝保經,2026-03-30
6101,寬魚國際,2001-03-29
6103,合邦,2001-05-07
6104,創惟,2001-05-22
6109,亞元,2001-07-26
6111,光聚晶電,2001-08-08
6113,亞矽,2001-08-10
6114,久威,2001-09-27
6118,建達,2001-10-25
6121,新普,2001-11-27
6122,擎邦,2000-07-14
6123,上奇,2002-01-23
6124,業強,2002-03-19
6125,廣運,2002-01-23
6126,信音,2002-01-18
6127,九豪,2002-01-10
6129,普誠,2001-12-25
6130,上亞科技,2002-03-26
6134,萬旭,2002-01-08
6138,茂達,2002-01-18
6140,訊達電腦,2002-02-04
6143,振曜,2002-01-28
6144,得利影,2002-01-23
6146,耕興,2002-01-23
6147,頎邦,2002-01-31
6148,驊宏資,2002-02-01
6150,撼訊,2002-03-11
6151,晉倫,2002-02-25
6154,順發,2002-02-18
6156,松上,2002-02-19
6158,禾昌,2002-02-19
6160,欣技,2002-03-01
6161,捷波,2002-03-01
6163,華電網,2002-03-19
6167,久正,2002-03-26
6169,昱泉,2002-03-22
6170,統振,2002-04-16
6171,大城地產,2002-04-22
6173,信昌電,2002-04-19
6174,安碁,2002-05-02
6175,立敦,2002-06-10
6179,亞通,2002-05-17
6180,橘子,2002-05-21
6182,合晶,2002-05-16
6185,幃翔,2002-08-09
6186,新潤,2002-08-02
6187,萬潤,2002-09-27
6188,廣明,2002-08-27
6190,萬泰科,1998-02-04
6194,育富,2002-12-05
6195,詩肯,2002-10-21
6198,瑞築,2002-12-26
6199,天品,2016-10-07
6203,海韻電,2002-12-26
6204,艾華,2002-11-13
6207,雷科,2002-12-23
6208,日揚,2002-12-23
6210,慶生,2003-02-14
6212,理銘,2002-12-26
6217,中探針,2003-01-09
6218,豪勉,2003-01-14
6219,富旺,2003-02-26
6220,岳豐,2003-01-09
6221,晉泰,2003-01-06
6222,立軒,2003-01-09
6223,旺矽,2003-01-06
6227,茂綸,2003-01-14
6228,全譜,2003-01-21
6229,研通,2003-01-14
6231,系微,2003-01-23
6233,旺玖,2003-02-20
6234,高僑,2003-03-12
6236,中湛,2003-03-31
6237,驊訊,2003-04-21
6240,松崗,2003-05-30
6241,鑫永洋,2003-04-08
6242,立康,2003-04-23
6244,茂迪,2003-05-15
6245,立端,2003-05-19
6246,臺龍,2003-06-18
6248,沛波,2003-09-03
6259,百徽,2003-09-17
6261,久元,2004-03-29
6263,普萊德,2003-09-17
6264,富裔,2004-02-24
6265,方土昶,2003-10-24
6266,泰詠,2004-04-29
6270,倍微,2003-09-17
6274,台燿,2003-12-18
6275,元山,2004-12-23
6276,安鈦克,2003-10-30
6279,胡連,2003-11-26
6284,佳邦,2004-06-29
6290,良維,2005-06-03
6291,沛亨,2004-01-28
6292,迅德,2003-11-26
6294,智基,2004-01-13
6411,晶焱,2014-03-11
6417,韋僑,2015-10-08
6418,詠昇,2019-02-18
6419,京晨科,2014-12-29
6423,億而得,2026-01-22
6425,易發,2019-01-18
6432,今展科,2015-05-20
6435,大中,2016-01-07
6441,廣錠,2017-09-27
6461,益得,2018-03-28
6462,神盾,2015-12-23
6465,威潤,2015-11-20
6469,大樹,2016-03-30
6470,宇智,2015-11-03
6474,華豫寧,2025-11-25
6482,弘煜科,2016-06-13
6485,點序,2015-11-17
6486,互動,2016-09-13
6488,環球晶,2015-09-25
6492,生華科,2017-04-24
6494,九齊,2016-05-09
6496,科懋,2016-01-07
6498,久禾光,2025-05-20
6499,益安,2016-07-27
6506,雙邦,2011-05-03
6508,惠光,2004-03-22
6509,聚和,2004-04-12
6510,精測,2016-03-24
6512,啟發電,2016-03-25
6516,勤崴國際,2019-05-06
6517,保勝光學,2022-12-15
6523,達爾膚,2016-06-16
6527,明達醫,2019-12-25
6530,創威,2018-01-23
6532,瑞耘,2016-09-26
6535,順藥,2016-09-26
6538,倉和,2016-10-21
6542,隆中,2016-09-08
6546,正基,2022-05-24
6547,高端疫苗,2018-04-17
6548,長科*,2016-09-13
6556,勝品,2017-10-31
6560,欣普羅,2017-01-24
6561,是方,2018-06-05
6568,宏觀,2016-12-28
6569,醫揚,2016-12-21
6570,維田,2017-12-11
6574,霈方,2017-09-04
6576,逸達,2018-06-29
6577,勁豐,2017-03-21
6578,達邦蛋白,2018-09-18
6584,南俊國際,2023-05-18
6588,東典光電,2020-07-01
6590,普鴻,2018-12-24
6593,台灣銘板,2017-11-03
6596,寬宏藝術,2018-01-04
6597,立誠,2025-05-08
6603,富強鑫,2004-04-05
6609,瀧澤科,2003-09-23
6612,奈米醫材,2018-07-18
6613,朋億*,2017-12-28
6615,慧智,2018-01-22
6616,特昇-KY,2018-01-10
6617,共信-KY,2024-06-18
6620,漢達,2025-12-23
6624,萬年清,2019-05-28
6629,泰金-KY,2019-06-06
6637,醫影,2024-06-18
6640,均華,2018-10-23
6642,富致,2019-09-23
6643,M31,2019-01-23
6649,台生材,2019-06-05
6651,全宇昕,2021-02-01
6654,天正國際,2018-10-23
6661,威健生技,2021-01-27
6662,樂斯科,2019-03-26
6664,群翊,2018-09-12
6667,信紘科,2018-11-13
6679,鈺太,2019-05-09
6680,鑫創電子,2019-09-16
6683,雍智科技,2019-04-23
6684,安格,2021-08-11
6690,安碁資訊,2019-10-30
6692,進能服,2024-02-02
6693,廣閎科,2022-03-01
6697,東捷資訊,2019-12-26
6703,軒郁,2020-10-20
6708,天擎,2022-12-29
6712,長聖,2021-01-08
6716,應廣,2020-03-27
6720,久昌,2024-12-04
6721,信實,2022-04-29
6725,矽科宏晟,2025-12-30
6727,亞泰金屬,2020-12-01
6728,上洋,2020-12-25
6730,常廣,2025-12-10
6732,昇佳電子,2020-06-08
6733,博晟生醫,2021-01-28
6735,美達科技,2022-04-29
6739,竹陞科技,2024-09-02
6741,91APP*-KY,2021-05-25
6751,智聯服務,2020-12-25
6752,叡揚,2020-12-10
6761,穩得,2021-11-08
6762,達亞,2020-12-18
6763,綠界科技*,2022-03-15
6767,台微醫,2021-01-25
6785,昱展新藥,2024-01-24
6788,華景電,2021-09-29
6791,虎門科技,2022-11-14
6803,崑鼎,2010-05-27
6804,明係,2022-03-31
6811,宏碁資訊,2022-08-09
6821,聯寶,2023-05-22
6823,濾能,2022-06-30
6829,千附精密,2022-03-11
6840,東研信超,2023-03-24
6841,長佳智能,2023-03-01
6843,進典,2022-11-21
6844,諾貝兒,2024-03-08
6846,綠茵,2023-05-15
6855,數泓科,2022-10-06
6856,鑫傳,2023-10-27
6859,伯特光,2022-11-28
6865,偉康科技,2023-01-11
6870,騰雲,2023-09-14
6872,浩宇生醫,2025-03-07
6874,倍力,2022-12-14
6875,國邑*,2024-03-26
6877,鏵友益,2023-06-16
6881,潤德,2024-05-21
6884,海柏特,2025-12-17
6894,衛司特,2023-11-29
6895,宏碩系統,2023-08-22
6899,創為精密,2024-04-08
6903,巨漢,2024-06-12
6904,伯鑫,2023-12-05
6907,雅特力-KY,2026-01-29
6910,德鴻,2025-12-11
6913,鴻呈,2024-10-01
6922,宸曜,2023-11-09
6925,意藍,2025-05-28
6929,佑全,2024-03-28
6945,圓祥生技,2026-06-05
6953,家碩,2024-05-13
6961,旅天下,2026-01-22
6967,汎瑋材料,2024-09-25
6968,萬達寵物,2024-08-14
6971,惠民實業,2025-10-02
6982,大井泵浦,2024-12-18
6983,華洋精機,2026-05-25
6986,和迅,2026-06-26
6996,力領科技,2024-12-10
6997,博弘,2024-12-16
7402,邑錡,2015-12-29
7547,碩網,2025-07-29
7556,意德士科技,2020-10-30
7584,樂意,2024-07-25
7642,昶瑞機電,2025-05-22
7703,銳澤,2024-11-13
7704,明遠精密,2024-12-16
7708,全家餐飲,2024-11-15
7709,榮田,2025-02-25
7712,博盛半導體,2024-12-26
7713,威力德生醫,2025-02-24
7714,創泓科技,2025-01-15
7715,裕山,2025-01-15
7716,昱臺國際,2025-10-28
7717,萊德光電-KY,2025-11-17
7718,友鋮,2025-03-18
7723,築間,2025-04-30
7728,光焱科技,2025-03-06
7734,印能科技,2025-02-26
7738,東聯互動,2025-10-16
7743,金利食安,2025-05-20
7744,崴寶,2025-11-27
7747,昕奇雲端,2025-07-11
7751,竑騰,2025-08-26
7753,星亞,2025-08-11
7757,金色三麥,2025-10-20
7767,仁大資訊,2025-12-10
7770,君曜,2025-12-10
7772,耀穎,2026-05-08
7777,能率亞洲,2025-12-22
7782,光速火箭,2025-10-28
7792,安葆,2026-01-28
7794,宏碁智新,2026-04-20
7805,威聯通,2025-12-22
7810,捷創科技,2025-12-23
7811,民盛,2026-03-25
7814,海昌生技,2026-07-16
7819,精誠金融,2026-05-27
7820,立盈,2026-04-27
7828,創新服務,2026-04-22
7839,達人網,2026-06-15
7842,天能綠電,2026-05-11
8024,佑華,2006-09-25
8027,鈦昇,2015-06-09
8032,光菱,2003-10-02
8034,榮群,2004-05-06
8038,長園科,2013-11-21
8040,九暘,2007-04-30
8042,金山電,2004-03-22
8043,蜜望實,2003-10-24
8044,網家,2005-01-24
8047,星雲,2004-02-09
8048,德勝,2009-09-08
8049,晶采,2004-02-02
8050,廣積,2003-10-24
8054,安國,2004-11-08
8059,凱碩,2010-03-16
8064,東捷,2006-09-25
8066,來思達,2004-12-24
8067,志旭,2004-04-23
8068,全達,2004-03-25
8069,元太,2004-03-30
8071,能率網通,2003-12-29
8074,鉅橡,2004-01-27
8076,伍豐,2003-12-15
8077,洛碁,2004-12-06
8080,泰霖,2004-05-10
8083,瑞穎,2004-09-23
8084,巨虹,2004-03-08
8085,福華,2004-03-01
8086,宏捷科,2009-06-01
8087,麗升能源,2004-02-25
8088,品安,2004-02-27
8089,康全電訊,2020-09-23
8091,翔名,2004-06-24
8092,建暐,2004-02-02
8093,保銳,2004-12-31
8096,擎亞,2004-07-15
8097,常珵,2004-03-01
8099,大世科,2004-03-29
8102,傑霖科技,2025-12-22
8107,大億金茂,2005-11-15
8109,博大,2005-03-22
8111,立碁,2004-02-09
8121,越峰,2005-02-17
8147,正淩,2013-04-30
8155,博智,2012-12-18
8171,天宇,2011-12-19
8176,智捷,2013-06-25
8182,加高,2006-05-25
8183,精星,2005-03-30
8227,巨有科技,2022-12-20
8234,新漢,2007-06-07
8240,華宏,2005-06-23
8255,朋程,2006-04-25
8272,全景軟體,2024-10-23
8277,商丞,2004-12-27
8279,生展,2016-09-26
8284,三竹,2020-05-18
8289,泰藝,2008-04-24
8291,尚茂,2011-11-29
8299,群聯,2004-12-06
8342,益張,2017-11-23
8349,恒耀國際,2006-03-10
8354,冠好,2004-04-15
8358,金居,2010-09-27
8383,千附,2004-09-10
8390,金益鼎,2008-05-21
8401,白紗科,2010-03-29
8403,盛弘,2011-03-01
8409,商之器,2013-11-25
8410,森田,2011-02-23
8415,大國鋼,2016-09-07
8416,實威,2012-09-19
8421,旭源,2012-11-23
8423,保綠-KY,2012-03-14
8424,惠普,2012-12-18
8426,紅木-KY,2011-12-13
8431,匯鑽科,2015-03-30
8432,東生華,2012-04-30
8433,弘帆,2012-12-19
8435,鉅邁,2012-12-28
8436,大江,2013-09-12
8437,大地-KY,2015-05-06
8440,綠電,2018-03-28
8444,綠河-KY,2015-10-27
8446,華研,2013-12-19
8450,霹靂,2014-10-07
8455,大拓-KY,2016-01-08
8472,納維康,2016-01-11
8477,創業家,2016-10-31
8489,三貝德,2017-04-27
8905,裕國,1996-01-31
8906,花王,1996-04-23
8908,欣雄,1997-02-14
8916,光隆,1999-04-20
8917,欣泰,1999-05-06
8921,沈氏,2000-03-21
8923,時報,1999-12-27
8924,大田,2000-02-09
8927,北基,2000-11-02
8928,鉅明,2001-02-02
8929,富堡,2000-11-30
8930,青鋼,2000-12-06
8931,大汽電,2001-05-10
8932,智通*,2001-03-29
8933,愛地雅,2001-03-28
8935,邦泰,2002-03-26
8936,國統,2002-09-09
8937,合騏*,2002-10-29
8938,明安,2002-12-02
8941,關中,2003-01-20
8942,森鉅,2003-05-16
9949,琉園,2003-11-21
9950,萬國通,2004-02-17
9951,皇田,2003-12-18
9960,邁達康,2004-12-06
9962,有益,2006-07-10
